Workbook

Sheet 00_Portada
A1: PLAN MAESTRO DE FABRICACIÓN — LÍNEA VOLPAK 4
A2: Presentado por: Sebastian Parra - CC: 1003935397 / Septiembre 2026 · Optimización de secuencia con tiempos de cambio dependientes de la secuencia
B4: EL PROBLEMA
B5: Contexto | C5: Volpak 4 debe fabricar 17 referencias en septiembre de 2026. El modelo minimiza los cambios de referencia con la matriz suministrada y distribuye cartones completos por turno.
B6: Pregunta de decisión | C6: ¿En qué orden y en qué turno debe fabricarse cada producto para cubrir el 100% de la necesidad del mes perdiendo el mínimo tiempo posible en cambios de referencia?
B7: Naturaleza del problema | C7: Es un problema de secuenciación en máquina única con tiempos de preparación dependientes de la secuencia (single-machine scheduling with sequence-dependent setup times). Formalmente equivale a un Problema del Agente Viajero (TSP) de camino abierto.
B9: EL RESULTADO
B10: Secuencia óptima | C10: La secuencia base alcanza la cota inferior de 840 minutos. La prueba verifica los 17 productos y sus transiciones (hoja 06).
B11: Tiempo total de cambio | C11: 840 minutos = 14 horas = 1,75 turnos. Son 7 cambios de 120 min y CERO cambios de 180 min.
B12: Diferencia frente al orden por código | C12: 780 minutos = 13 horas menos de cambios frente a la regla por código. No representa ahorro observado en planta ni ahorro monetario.
B13: Cierre del plan | C13: El caso base termina el 24 de septiembre, en el turno operativo 60. La holgura incluye turnos completos y una fracción del último turno utilizado; consultar hoja 10.
B15: CÓMO LEER ESTE LIBRO
B16: Regla de construcción | C16: Las fórmulas actualizan tiempos y cantidades para estos 17 productos. Si cambia la matriz, volver a ejecutar Solver. Nuevos productos, familias o meses requieren adaptar rangos y calendario.
B17: Hoja principal | C17: 08_PLAN_MAESTRO — la entrega: cantidades a fabricar por producto, turno y día.
B18: Verificación | C18: La hoja 10 comprueba cantidades, capacidad, productos distintos y tiempos. Estos controles no sustituyen validar los supuestos con la planta.
B20: ÍNDICE
B21: 01_Supuestos | C21: Cuatro supuestos operativos y reglas de redondeo y alcance
B22: 02_Datos_Maestros | C22: 17 SKUs: tasa de producción y tiempo unitario
B23: 03_Demanda_ABC | C23: Necesidad del mes, carga en turnos y clasificación ABC
B24: 04_Matriz_Cambios | C24: Matriz 17×17 y agrupación válida para el caso base
B25: 05_Modelo_Solver | C25: Modelo de optimización listo para ejecutar con Solver de Excel
B26: 06_Secuencia_Optima | C26: Solución, prueba de optimalidad y motor de cálculo del plan
B27: 07_Calendario | C27: Malla de turnos de septiembre 2026
B28: 08_PLAN_MAESTRO | C28: ◄ LA ENTREGA: cantidades por producto-turno-día
B29: 09_Detalle_Turnos | C29: Qué ocurre en cada uno de los 74 turnos
B30: 10_KPIs | C30: Indicadores y cuadres de verificación
B31: 11_Sensibilidad | C31: ¿Hasta cuánto crece la demanda antes de romper la capacidad?
B32: 12_Comparativa | C32: Cuánto cuesta secuenciar mal
B33: 13_Info_Adicional | C33: Información adicional requerida para escalar a las demás líneas

Sheet 01_Supuestos
A1: SUPUESTOS DEL MODELO
A2: Todo modelo es una simplificación. Estos son los límites de éste, declarados de frente.
B4: RÉGIMEN DE OPERACIÓN
B5: «En la planta se trabaja de lunes a sábado, cada día tiene tres (3) turnos de 8 horas cada turno y el sábado se trabajan dos (2) turnos (es posible que esto cambie dependiendo de la línea de producción, la cual puede trabajar de domingo a domingo 3 turnos dependiendo del volumen de producción)»
B8: Lo que este libro modela como caso BASE | C8: Exactamente ese régimen: lunes a viernes con 3 turnos de 8 horas (24 horas de operación esos días), sábado con 2 turnos (16 horas), y domingo la línea está DETENIDA — no se programa nada ese día.
B9: Dónde aparece la variante «domingo a domingo» | C9: Únicamente como ESCENARIO DE COMPARACIÓN en la hoja 11_Sensibilidad (3 turnos los 7 días = 90 turnos al mes). No es el plan que se entrega: el plan de la hoja 08 usa siempre el régimen base de arriba.
A11: # | B11: Supuesto | C11: En palabras simples | D11: Formalización técnica | E11: Por qué es razonable | F11: Impacto si no se cumple
A12: 1 | B12: Continuidad y pausas entre turnos | C12: Los cambios pueden continuar en el siguiente turno. La producción se asigna en cartones completos; un cartón no se reparte entre turnos. | D12: Calendario en minutos operativos: los cierres no consumen tiempo de proceso. Se permite retomar lotes y cambios después de una pausa, sin preparación adicional. | E12: Supuesto por confirmar con planta. No implica trabajar domingos ni turnos cerrados. | F12: Si un cartón no cabe al cierre del turno, ese tiempo queda libre. Se registra en la columna AB de la hoja 06. Las tasas del libro deben ser cartones enteros por turno de 8 horas.
A13: 2 | B13: Cada producto se fabrica una sola vez en el mes, de corrido | C13: No se parte la producción de un mismo SKU en varios bloques separados a lo largo del mes: se fabrica toda la necesidad de una vez y se pasa al siguiente producto. | D13: Una sola campaña por producto (sin fraccionar el lote). | E13: Para esta matriz, una secuencia con una campaña por referencia alcanza la cota inferior de cambios. No se generaliza a otras matrices o restricciones. | F13: Si existiera vida útil corta, límite de bodega o fechas de entrega intermedias dentro del mes, habría que fraccionar y el modelo pasaría a ser uno de lotes con capacidad (lot-sizing capacitado, CLSD).
A14: 3 | B14: El mes arranca con la línea «en blanco» | C14: El 1 de septiembre no se sabe (ni se asume) qué se fabricó en agosto, así que el primer producto del mes no paga ningún cambio de referencia. | D14: Línea libre al arrancar el mes: no se hereda montaje del período anterior. | E14: Supuesto optimista por falta de información, pendiente de confirmar; no es una condición observada de la línea. | F14: Si se conociera el último producto fabricado en agosto, ese dato fijaría el punto de partida del recorrido y el costo total podría subir hasta 180 minutos. Es justamente uno de los datos pedidos en la hoja 13.
A15: 4 | B15: La velocidad de cada producto ya es la real, no la de catálogo | C15: Se interpreta cartones/turno como capacidad efectiva de un turno de 8 horas, sin descontar nuevamente pérdidas ya incluidas. | D15: La tasa cartones/turno del archivo maestro se interpreta como producción real esperada, no como capacidad teórica de placa. | E15: Confirmar con planta si la tasa es efectiva o teórica y qué pérdidas contempla. | F15: Si el dato fuera capacidad teórica de máquina, habría que multiplicarlo por el OEE real y toda la carga del mes subiría en la misma proporción. Es otro de los datos pedidos en la hoja 13.

Sheet 02_Datos_Maestros
A1: DATOS MAESTROS DE PRODUCTO
A2: Fuente: «Asignación Productos Linea Fabricación.xlsx» · Línea Volpak 4
A4: Id | B4: Descripción | C4: Línea | D4: Presentación | E4: Formato (gr) | F4: Cartones/Turno | G4: Min/Cartón | H4: Cartones/Hora | I4: Bloque (familia)
A5: 3278 | B5: SALSA MAYONESA (12DP/1/380g) | C5: Volpak 4 | D5: Doypack | E5: 400 | F5: 2460 | G5: =480/F5 -> 0.19512195 | H5: =F5/8 -> 307.5 | I5: =_xlfn.MINIFS('04_Matriz_Cambios'!$B$5:$R$5,'04_Matriz_Cambios'!$B$17:$R$17,0) -> 3278
A6: 3533 | B6: VINAGRE BLANCO (24DP/1/230ml) | C6: Volpak 4 | D6: Doypack | E6: 230 | F6: 1123 | G6: =480/F6 -> 0.42742654 | H6: =F6/8 -> 140.375 | I6: =_xlfn.MINIFS('04_Matriz_Cambios'!$B$5:$R$5,'04_Matriz_Cambios'!$B$22:$R$22,0) -> 3533
A7: 3643 | B7: SALSA ROSADA (12DP/1/380g) | C7: Volpak 4 | D7: Doypack | E7: 400 | F7: 2460 | G7: =480/F7 -> 0.19512195 | H7: =F7/8 -> 307.5 | I7: =_xlfn.MINIFS('04_Matriz_Cambios'!$B$5:$R$5,'04_Matriz_Cambios'!$B$21:$R$21,0) -> 3643
A8: 3749 | B8: SALSA MAYONESA (12DP/1/1000g) | C8: Volpak 4 | D8: Doypack | E8: 1000 | F8: 1352 | G8: =480/F8 -> 0.35502959 | H8: =F8/8 -> 169 | I8: =_xlfn.MINIFS('04_Matriz_Cambios'!$B$5:$R$5,'04_Matriz_Cambios'!$B$16:$R$16,0) -> 3278
A9: 3757 | B9: MOSTANEZA (12DP/1/380g) | C9: Volpak 4 | D9: Doypack | E9: 400 | F9: 2444 | G9: =480/F9 -> 0.19639935 | H9: =F9/8 -> 305.5 | I9: =_xlfn.MINIFS('04_Matriz_Cambios'!$B$5:$R$5,'04_Matriz_Cambios'!$B$6:$R$6,0) -> 3757
A10: 3925 | B10: MOSTANEZA AJO (12DP/1/380g) | C10: Volpak 4 | D10: Doypack | E10: 400 | F10: 2437 | G10: =480/F10 -> 0.19696348 | H10: =F10/8 -> 304.625 | I10: =_xlfn.MINIFS('04_Matriz_Cambios'!$B$5:$R$5,'04_Matriz_Cambios'!$B$7:$R$7,0) -> 3757
A11: 5998 | B11: SALSA DE TOMATE ZEV (20DP/1/500g) | C11: Volpak 4 | D11: Doypack | E11: 500 | F11: 1476 | G11: =480/F11 -> 0.32520325 | H11: =F11/8 -> 184.5 | I11: =_xlfn.MINIFS('04_Matriz_Cambios'!$B$5:$R$5,'04_Matriz_Cambios'!$B$15:$R$15,0) -> 5998
A12: 6616 | B12: MOSTANEZA DEL RANCHO (12DP/1/380g) | C12: Volpak 4 | D12: Doypack | E12: 400 | F12: 2444 | G12: =480/F12 -> 0.19639935 | H12: =F12/8 -> 305.5 | I12: =_xlfn.MINIFS('04_Matriz_Cambios'!$B$5:$R$5,'04_Matriz_Cambios'!$B$8:$R$8,0) -> 3757
A13: 6639 | B13: SALSA BARBECUE (12DP/1/400g) | C13: Volpak 4 | D13: Doypack | E13: 400 | F13: 2493 | G13: =480/F13 -> 0.19253911 | H13: =F13/8 -> 311.625 | I13: =_xlfn.MINIFS('04_Matriz_Cambios'!$B$5:$R$5,'04_Matriz_Cambios'!$B$9:$R$9,0) -> 6639
A14: 6743 | B14: SALSA DE PIÑA (12DP/1/400g) | C14: Volpak 4 | D14: Doypack | E14: 400 | F14: 1502 | G14: =480/F14 -> 0.3195739 | H14: =F14/8 -> 187.75 | I14: =_xlfn.MINIFS('04_Matriz_Cambios'!$B$5:$R$5,'04_Matriz_Cambios'!$B$12:$R$12,0) -> 6743
A15: 7590 | B15: SALSA MAYONESA (12DP/1/600g) | C15: Volpak 4 | D15: Doypack | E15: 600 | F15: 2001 | G15: =480/F15 -> 0.23988006 | H15: =F15/8 -> 250.125 | I15: =_xlfn.MINIFS('04_Matriz_Cambios'!$B$5:$R$5,'04_Matriz_Cambios'!$B$18:$R$18,0) -> 3278
A16: 15564 | B16: SALSA NAPOLITANA (24DP/1/200g) | C16: Volpak 4 | D16: Doypack | E16: 230 | F16: 1684 | G16: =480/F16 -> 0.28503563 | H16: =F16/8 -> 210.5 | I16: =_xlfn.MINIFS('04_Matriz_Cambios'!$B$5:$R$5,'04_Matriz_Cambios'!$B$20:$R$20,0) -> 15564
A17: 15795 | B17: SALSA MAYONESA-V(12DP/1/380g) | C17: Volpak 4 | D17: Doypack | E17: 400 | F17: 2001 | G17: =480/F17 -> 0.23988006 | H17: =F17/8 -> 250.125 | I17: =_xlfn.MINIFS('04_Matriz_Cambios'!$B$5:$R$5,'04_Matriz_Cambios'!$B$19:$R$19,0) -> 3278
A18: 15881 | B18: SALSA DE TOMATE SAVORIA (12DP/1/500g) | C18: Volpak 4 | D18: Doypack | E18: 500 | F18: 1476 | G18: =480/F18 -> 0.32520325 | H18: =F18/8 -> 184.5 | I18: =_xlfn.MINIFS('04_Matriz_Cambios'!$B$5:$R$5,'04_Matriz_Cambios'!$B$14:$R$14,0) -> 5998
A19: 16787 | B19: SALSA DE TOMATE SAVORIA (12DP/1/1000g) | C19: Volpak 4 | D19: Doypack | E19: 1000 | F19: 1686 | G19: =480/F19 -> 0.28469751 | H19: =F19/8 -> 210.75 | I19: =_xlfn.MINIFS('04_Matriz_Cambios'!$B$5:$R$5,'04_Matriz_Cambios'!$B$13:$R$13,0) -> 5998
A20: 16816 | B20: SALSA DE MAYONESA ZEV (24DP/1/400G) | C20: Volpak 4 | D20: Doypack | E20: 400 | F20: 1200 | G20: =480/F20 -> 0.4 | H20: =F20/8 -> 150 | I20: =_xlfn.MINIFS('04_Matriz_Cambios'!$B$5:$R$5,'04_Matriz_Cambios'!$B$11:$R$11,0) -> 3278
A21: 17246 | B21: SALSA DE MAYONESA LINE (21DP/1/500G) | C21: Volpak 4 | D21: Doypack | E21: 500 | F21: 1144 | G21: =480/F21 -> 0.41958042 | H21: =F21/8 -> 143 | I21: =_xlfn.MINIFS('04_Matriz_Cambios'!$B$5:$R$5,'04_Matriz_Cambios'!$B$10:$R$10,0) -> 3278
A23: Nota: | B23: La columna «Bloque» NO está digitada: se deduce con MINIFS sobre la matriz de cambios. Devuelve el menor Id con el que el producto tiene cambio de 0 minutos, que identifica su familia tecnológica.

Sheet 03_Demanda_ABC
A1: NECESIDAD DE FABRICACIÓN Y CLASIFICACIÓN ABC
A2: Fuente: «Necesidad Fabricación Septiembre 2026.xlsx» · La carga se mide en TURNOS, no en cartones: 1.000 cartones de un SKU lento pesan más que 1.000 de uno rápido.
A4: Id | B4: Descripción | C4: Necesidad (cartones) | D4: Cartones/Turno | E4: Turnos requeridos | F4: Minutos requeridos | G4: % carga | H4: % acumulado | I4: Clase ABC
A5: 16816 | B5: =IFERROR(INDEX('02_Datos_Maestros'!$B$5:$B$21,MATCH($A5,'02_Datos_Maestros'!$A$5:$A$21,0)),"") -> SALSA DE MAYONESA ZEV (24DP/1/400G) | C5: 19200 | D5: =INDEX('02_Datos_Maestros'!$F$5:$F$21,MATCH($A5,'02_Datos_Maestros'!$A$5:$A$21,0)) -> 1200 | E5: =C5/D5 -> 16 | F5: =E5*480 -> 7680 | G5: =E5/SUM($E$5:$E$21) -> 0.27606411 | H5: =SUM($G$5:G5) -> 0.27606411 | I5: =IF(H5<=0.8,"A",IF(H5<=0.95,"B","C")) -> A
A6: 5998 | B6: =IFERROR(INDEX('02_Datos_Maestros'!$B$5:$B$21,MATCH($A6,'02_Datos_Maestros'!$A$5:$A$21,0)),"") -> SALSA DE TOMATE ZEV (20DP/1/500g) | C6: 20286 | D6: =INDEX('02_Datos_Maestros'!$F$5:$F$21,MATCH($A6,'02_Datos_Maestros'!$A$5:$A$21,0)) -> 1476 | E6: =C6/D6 -> 13.743902 | F6: =E6*480 -> 6597.0732 | G6: =E6/SUM($E$5:$E$21) -> 0.23713738 | H6: =SUM($G$5:G6) -> 0.51320149 | I6: =IF(H6<=0.8,"A",IF(H6<=0.95,"B","C")) -> A
A7: 17246 | B7: =IFERROR(INDEX('02_Datos_Maestros'!$B$5:$B$21,MATCH($A7,'02_Datos_Maestros'!$A$5:$A$21,0)),"") -> SALSA DE MAYONESA LINE (21DP/1/500G) | C7: 7200 | D7: =INDEX('02_Datos_Maestros'!$F$5:$F$21,MATCH($A7,'02_Datos_Maestros'!$A$5:$A$21,0)) -> 1144 | E7: =C7/D7 -> 6.2937063 | F7: =E7*480 -> 3020.979 | G7: =E7/SUM($E$5:$E$21) -> 0.10859165 | H7: =SUM($G$5:G7) -> 0.62179314 | I7: =IF(H7<=0.8,"A",IF(H7<=0.95,"B","C")) -> A
A8: 3533 | B8: =IFERROR(INDEX('02_Datos_Maestros'!$B$5:$B$21,MATCH($A8,'02_Datos_Maestros'!$A$5:$A$21,0)),"") -> VINAGRE BLANCO (24DP/1/230ml) | C8: 3834 | D8: =INDEX('02_Datos_Maestros'!$F$5:$F$21,MATCH($A8,'02_Datos_Maestros'!$A$5:$A$21,0)) -> 1123 | E8: =C8/D8 -> 3.4140695 | F8: =E8*480 -> 1638.7533 | G8: =E8/SUM($E$5:$E$21) -> 0.058906377 | H8: =SUM($G$5:G8) -> 0.68069952 | I8: =IF(H8<=0.8,"A",IF(H8<=0.95,"B","C")) -> A
A9: 3749 | B9: =IFERROR(INDEX('02_Datos_Maestros'!$B$5:$B$21,MATCH($A9,'02_Datos_Maestros'!$A$5:$A$21,0)),"") -> SALSA MAYONESA (12DP/1/1000g) | C9: 4440 | D9: =INDEX('02_Datos_Maestros'!$F$5:$F$21,MATCH($A9,'02_Datos_Maestros'!$A$5:$A$21,0)) -> 1352 | E9: =C9/D9 -> 3.2840237 | F9: =E9*480 -> 1576.3314 | G9: =E9/SUM($E$5:$E$21) -> 0.056662566 | H9: =SUM($G$5:G9) -> 0.73736208 | I9: =IF(H9<=0.8,"A",IF(H9<=0.95,"B","C")) -> A
A10: 3278 | B10: =IFERROR(INDEX('02_Datos_Maestros'!$B$5:$B$21,MATCH($A10,'02_Datos_Maestros'!$A$5:$A$21,0)),"") -> SALSA MAYONESA (12DP/1/380g) | C10: 6206 | D10: =INDEX('02_Datos_Maestros'!$F$5:$F$21,MATCH($A10,'02_Datos_Maestros'!$A$5:$A$21,0)) -> 2460 | E10: =C10/D10 -> 2.5227642 | F10: =E10*480 -> 1210.9268 | G10: =E10/SUM($E$5:$E$21) -> 0.043527791 | H10: =SUM($G$5:G10) -> 0.78088987 | I10: =IF(H10<=0.8,"A",IF(H10<=0.95,"B","C")) -> A
A11: 15881 | B11: =IFERROR(INDEX('02_Datos_Maestros'!$B$5:$B$21,MATCH($A11,'02_Datos_Maestros'!$A$5:$A$21,0)),"") -> SALSA DE TOMATE SAVORIA (12DP/1/500g) | C11: 3540 | D11: =INDEX('02_Datos_Maestros'!$F$5:$F$21,MATCH($A11,'02_Datos_Maestros'!$A$5:$A$21,0)) -> 1476 | E11: =C11/D11 -> 2.398374 | F11: =E11*480 -> 1151.2195 | G11: =E11/SUM($E$5:$E$21) -> 0.041381561 | H11: =SUM($G$5:G11) -> 0.82227143 | I11: =IF(H11<=0.8,"A",IF(H11<=0.95,"B","C")) -> B
A12: 6743 | B12: =IFERROR(INDEX('02_Datos_Maestros'!$B$5:$B$21,MATCH($A12,'02_Datos_Maestros'!$A$5:$A$21,0)),"") -> SALSA DE PIÑA (12DP/1/400g) | C12: 2754 | D12: =INDEX('02_Datos_Maestros'!$F$5:$F$21,MATCH($A12,'02_Datos_Maestros'!$A$5:$A$21,0)) -> 1502 | E12: =C12/D12 -> 1.8335553 | F12: =E12*480 -> 880.10652 | G12: =E12/SUM($E$5:$E$21) -> 0.031636175 | H12: =SUM($G$5:G12) -> 0.85390761 | I12: =IF(H12<=0.8,"A",IF(H12<=0.95,"B","C")) -> B
A13: 3757 | B13: =IFERROR(INDEX('02_Datos_Maestros'!$B$5:$B$21,MATCH($A13,'02_Datos_Maestros'!$A$5:$A$21,0)),"") -> MOSTANEZA (12DP/1/380g) | C13: 3600 | D13: =INDEX('02_Datos_Maestros'!$F$5:$F$21,MATCH($A13,'02_Datos_Maestros'!$A$5:$A$21,0)) -> 2444 | E13: =C13/D13 -> 1.4729951 | F13: =E13*480 -> 707.03764 | G13: =E13/SUM($E$5:$E$21) -> 0.025415067 | H13: =SUM($G$5:G13) -> 0.87932267 | I13: =IF(H13<=0.8,"A",IF(H13<=0.95,"B","C")) -> B
A14: 3643 | B14: =IFERROR(INDEX('02_Datos_Maestros'!$B$5:$B$21,MATCH($A14,'02_Datos_Maestros'!$A$5:$A$21,0)),"") -> SALSA ROSADA (12DP/1/380g) | C14: 3220 | D14: =INDEX('02_Datos_Maestros'!$F$5:$F$21,MATCH($A14,'02_Datos_Maestros'!$A$5:$A$21,0)) -> 2460 | E14: =C14/D14 -> 1.3089431 | F14: =E14*480 -> 628.29268 | G14: =E14/SUM($E$5:$E$21) -> 0.022584513 | H14: =SUM($G$5:G14) -> 0.90190719 | I14: =IF(H14<=0.8,"A",IF(H14<=0.95,"B","C")) -> B
A15: 6639 | B15: =IFERROR(INDEX('02_Datos_Maestros'!$B$5:$B$21,MATCH($A15,'02_Datos_Maestros'!$A$5:$A$21,0)),"") -> SALSA BARBECUE (12DP/1/400g) | C15: 2900 | D15: =INDEX('02_Datos_Maestros'!$F$5:$F$21,MATCH($A15,'02_Datos_Maestros'!$A$5:$A$21,0)) -> 2493 | E15: =C15/D15 -> 1.1632571 | F15: =E15*480 -> 558.36342 | G15: =E15/SUM($E$5:$E$21) -> 0.020070846 | H15: =SUM($G$5:G15) -> 0.92197803 | I15: =IF(H15<=0.8,"A",IF(H15<=0.95,"B","C")) -> B
A16: 15564 | B16: =IFERROR(INDEX('02_Datos_Maestros'!$B$5:$B$21,MATCH($A16,'02_Datos_Maestros'!$A$5:$A$21,0)),"") -> SALSA NAPOLITANA (24DP/1/200g) | C16: 1840 | D16: =INDEX('02_Datos_Maestros'!$F$5:$F$21,MATCH($A16,'02_Datos_Maestros'!$A$5:$A$21,0)) -> 1684 | E16: =C16/D16 -> 1.0926366 | F16: =E16*480 -> 524.46556 | G16: =E16/SUM($E$5:$E$21) -> 0.018852359 | H16: =SUM($G$5:G16) -> 0.94083039 | I16: =IF(H16<=0.8,"A",IF(H16<=0.95,"B","C")) -> B
... A21: 16787 | B21: =IFERROR(INDEX('02_Datos_Maestros'!$B$5:$B$21,MATCH($A21,'02_Datos_Maestros'!$A$5:$A$21,0)),"") -> SALSA DE TOMATE SAVORIA (12DP/1/1000g) | C21: 1000 | D21: =INDEX('02_Datos_Maestros'!$F$5:$F$21,MATCH($A21,'02_Datos_Maestros'!$A$5:$A$21,0)) -> 1686 | E21: =C21/D21 -> 0.59311981 | F21: =E21*480 -> 284.69751 | G21: =E21/SUM($E$5:$E$21) -> 0.010233693 | H21: =SUM($G$5:G21) -> 1 | I21: =IF(H21<=0.8,"A",IF(H21<=0.95,"B","C")) -> C
B22: TOTAL | C22: =SUM(C5:C21) -> 86331 | E22: =SUM(E5:E21) -> 57.957553 | F22: =SUM(F5:F21) -> 27819.625 | G22: =SUM(G5:G21) -> 1

Sheet 04_Matriz_Cambios
A1: MATRIZ DE TIEMPOS DE CAMBIO (minutos)
A2: Fuente: Matriz Tiempos Cambio.xlsx. Se interpreta fila = salida, columna = entrada y unidad = minutos; confirmar con planta.
A4: De \ A | B4: 3757 | C4: 3925 | D4: 6616 | E4: 6639 | F4: 17246 | G4: 16816 | H4: 6743 | I4: 16787 | J4: 15881 | K4: 5998 | L4: 3749 | M4: 3278 | N4: 7590 | O4: 15795 | P4: 15564 | Q4: 3643 | R4: 3533
A5: (vector Id) | B5: 3757 | C5: 3925 | D5: 6616 | E5: 6639 | F5: 17246 | G5: 16816 | H5: 6743 | I5: 16787 | J5: 15881 | K5: 5998 | L5: 3749 | M5: 3278 | N5: 7590 | O5: 15795 | P5: 15564 | Q5: 3643 | R5: 3533
A6: 3757 | B6: 0 | C6: 0 | D6: 0 | E6: 180 | F6: 120 | G6: 120 | H6: 180 | I6: 120 | J6: 120 | K6: 120 | L6: 120 | M6: 120 | N6: 120 | O6: 120 | P6: 180 | Q6: 180 | R6: 120
A7: 3925 | B7: 0 | C7: 0 | D7: 0 | E7: 180 | F7: 120 | G7: 120 | H7: 180 | I7: 120 | J7: 120 | K7: 120 | L7: 120 | M7: 120 | N7: 120 | O7: 120 | P7: 180 | Q7: 180 | R7: 120
A8: 6616 | B8: 0 | C8: 0 | D8: 0 | E8: 180 | F8: 120 | G8: 120 | H8: 180 | I8: 120 | J8: 120 | K8: 120 | L8: 120 | M8: 120 | N8: 120 | O8: 120 | P8: 180 | Q8: 180 | R8: 120
A9: 6639 | B9: 180 | C9: 180 | D9: 180 | E9: 0 | F9: 180 | G9: 120 | H9: 120 | I9: 120 | J9: 120 | K9: 120 | L9: 120 | M9: 120 | N9: 120 | O9: 120 | P9: 120 | Q9: 120 | R9: 120
A10: 17246 | B10: 120 | C10: 120 | D10: 120 | E10: 180 | F10: 0 | G10: 0 | H10: 180 | I10: 120 | J10: 120 | K10: 120 | L10: 0 | M10: 0 | N10: 0 | O10: 0 | P10: 120 | Q10: 120 | R10: 120
A11: 16816 | B11: 120 | C11: 120 | D11: 120 | E11: 120 | F11: 0 | G11: 0 | H11: 180 | I11: 120 | J11: 120 | K11: 120 | L11: 0 | M11: 0 | N11: 0 | O11: 0 | P11: 120 | Q11: 120 | R11: 120
A12: 6743 | B12: 180 | C12: 180 | D12: 180 | E12: 120 | F12: 180 | G12: 180 | H12: 0 | I12: 120 | J12: 120 | K12: 120 | L12: 120 | M12: 120 | N12: 120 | O12: 120 | P12: 120 | Q12: 120 | R12: 120
A13: 16787 | B13: 120 | C13: 120 | D13: 120 | E13: 120 | F13: 120 | G13: 120 | H13: 120 | I13: 0 | J13: 0 | K13: 0 | L13: 120 | M13: 120 | N13: 120 | O13: 120 | P13: 120 | Q13: 120 | R13: 120
A14: 15881 | B14: 120 | C14: 120 | D14: 120 | E14: 120 | F14: 120 | G14: 120 | H14: 120 | I14: 0 | J14: 0 | K14: 0 | L14: 120 | M14: 120 | N14: 120 | O14: 120 | P14: 120 | Q14: 120 | R14: 120
A15: 5998 | B15: 120 | C15: 120 | D15: 120 | E15: 120 | F15: 120 | G15: 120 | H15: 120 | I15: 0 | J15: 0 | K15: 0 | L15: 120 | M15: 120 | N15: 120 | O15: 120 | P15: 120 | Q15: 120 | R15: 120
A16: 3749 | B16: 120 | C16: 120 | D16: 120 | E16: 120 | F16: 0 | G16: 0 | H16: 120 | I16: 120 | J16: 120 | K16: 120 | L16: 0 | M16: 0 | N16: 0 | O16: 0 | P16: 120 | Q16: 120 | R16: 120
A17: 3278 | B17: 120 | C17: 120 | D17: 120 | E17: 120 | F17: 0 | G17: 0 | H17: 120 | I17: 120 | J17: 120 | K17: 120 | L17: 0 | M17: 0 | N17: 0 | O17: 0 | P17: 120 | Q17: 120 | R17: 120
... A22: 3533 | B22: 120 | C22: 120 | D22: 120 | E22: 120 | F22: 120 | G22: 120 | H22: 120 | I22: 120 | J22: 120 | K22: 120 | L22: 120 | M22: 120 | N22: 120 | O22: 120 | P22: 120 | Q22: 120 | R22: 0
A24: LECTURA DEL DATO
A25: Simetría | B25: La matriz es perfectamente simétrica: cambiar de A a B cuesta lo mismo que de B a A. Esto permite tratar el problema como un TSP simétrico (más fácil de resolver que el asimétrico).
A26: Valores | B26: Los datos toman valores 0, 120 y 180. Hay 30 transiciones dirigidas de 180 minutos (15 pares simétricos). No se ha confirmado qué actividades incluye cada cambio.
A27: Grupos | B27: En el caso base hay ocho grupos completos con cambios internos de cero. Su orden interno puede afectar el costo de entrada o salida del grupo.
A28: Alcance | B28: La agrupación permite una cota inferior y un modelo reducido para este caso. El costo mínimo entre grupos debe comprobarse en la secuencia expandida de productos; no basta el costo agregado.
A30: FAMILIAS DETECTADAS
A31: Bloque | B31: Nombre | C31: Productos | L31: N°
A32: B1 | B32: F1 Mostazas | C32: 3757, 3925, 6616 | L32: 3
A33: B2 | B33: S1 Barbecue | C33: 6639 | L33: 1
A34: B3 | B34: F2 Emulsiones | C34: 17246, 16816, 3749, 3278, 7590, 15795 | L34: 6
A35: B4 | B35: S2 Piña | C35: 6743 | L35: 1
A36: B5 | B36: F3 Tomate | C36: 16787, 15881, 5998 | L36: 3
A37: B6 | B37: S3 Napolitana | C37: 15564 | L37: 1
A38: B7 | B38: S4 Rosada | C38: 3643 | L38: 1
A39: B8 | B39: S5 Vinagre | C39: 3533 | L39: 1

Sheet 05_Modelo_Solver
A1: MODELO DE OPTIMIZACIÓN — TSP DE CAMINO ABIERTO
A2: Modelo reducido para las ocho familias del caso base. Ejecutar Solver con todas las restricciones, incluida la diagonal cero. Verificar después la secuencia de los 17 productos.
S4: FORMULACIÓN MATEMÁTICA
A5: CELDA OBJETIVO (minimizar) | S5: CONJUNTOS
A6: Z = Σ d(i,j)·x(i,j) | C6: =SUMPRODUCT($F$11:$N$19,$F$26:$N$34) -> 840 | S6: N = {0,1,…,8} nodos (0 = origen ficticio, 1-8 = bloques)
A7: Cota inferior teórica | C7: =(COUNTA($B$12:$B$19)-1)*_xlfn.MINIFS($F$11:$N$19,$F$11:$N$19,">0") -> 840
A8: ¿Solución = cota inferior? | C8: =IF(AND(ABS($C$6-$C$7)<0.000001,$E$51=0,$E$50<=8,COUNTIF($O$26:$O$34,1)=9,COUNTIF($F$35:$N$35,1)=9),"Alcanza cota; verificar productos","REVISAR") -> Alcanza cota; verificar productos | S8: PARÁMETROS
S9: d(i,j) = tiempo mínimo de cambio entre el bloque i y el j
A10: Nodo | B10: Bloque | C10: Rep. Id | E10: d(i,j) | F10: 0 | G10: 1 | H10: 2 | I10: 3 | J10: 4 | K10: 5 | L10: 6 | M10: 7 | N10: 8 | S10: d(0,j) = d(i,0) = 0 (el origen ficticio no cuesta)
A11: 0 | B11: (origen ficticio) | C11: — | E11: 0 | F11: 0 | G11: 0 | H11: 0 | I11: 0 | J11: 0 | K11: 0 | L11: 0 | M11: 0 | N11: 0
A12: 1 | B12: F1 Mostazas | C12: 3757 | E12: 1 | F12: 0 | G12: 0 | H12: =_xlfn.MINIFS($C$200:$C$488,$D$200:$D$488,$C$12,$E$200:$E$488,$C$13) -> 180 | I12: =_xlfn.MINIFS($C$200:$C$488,$D$200:$D$488,$C$12,$E$200:$E$488,$C$14) -> 120 | J12: =_xlfn.MINIFS($C$200:$C$488,$D$200:$D$488,$C$12,$E$200:$E$488,$C$15) -> 180 | K12: =_xlfn.MINIFS($C$200:$C$488,$D$200:$D$488,$C$12,$E$200:$E$488,$C$16) -> 120 | L12: =_xlfn.MINIFS($C$200:$C$488,$D$200:$D$488,$C$12,$E$200:$E$488,$C$17) -> 180 | M12: =_xlfn.MINIFS($C$200:$C$488,$D$200:$D$488,$C$12,$E$200:$E$488,$C$18) -> 180 | N12: =_xlfn.MINIFS($C$200:$C$488,$D$200:$D$488,$C$12,$E$200:$E$488,$C$19) -> 120 | S12: VARIABLES DE DECISIÓN
A13: 2 | B13: S1 Barbecue | C13: 6639 | E13: 2 | F13: 0 | G13: =_xlfn.MINIFS($C$200:$C$488,$D$200:$D$488,$C$13,$E$200:$E$488,$C$12) -> 180 | H13: 0 | I13: =_xlfn.MINIFS($C$200:$C$488,$D$200:$D$488,$C$13,$E$200:$E$488,$C$14) -> 120 | J13: =_xlfn.MINIFS($C$200:$C$488,$D$200:$D$488,$C$13,$E$200:$E$488,$C$15) -> 120 | K13: =_xlfn.MINIFS($C$200:$C$488,$D$200:$D$488,$C$13,$E$200:$E$488,$C$16) -> 120 | L13: =_xlfn.MINIFS($C$200:$C$488,$D$200:$D$488,$C$13,$E$200:$E$488,$C$17) -> 120 | M13: =_xlfn.MINIFS($C$200:$C$488,$D$200:$D$488,$C$13,$E$200:$E$488,$C$18) -> 120 | N13: =_xlfn.MINIFS($C$200:$C$488,$D$200:$D$488,$C$13,$E$200:$E$488,$C$19) -> 120 | S13: x(i,j) ∈ {0,1} 1 si tras el bloque i se fabrica el bloque j
A14: 3 | B14: F2 Emulsiones | C14: 3278 | E14: 3 | F14: 0 | G14: =_xlfn.MINIFS($C$200:$C$488,$D$200:$D$488,$C$14,$E$200:$E$488,$C$12) -> 120 | H14: =_xlfn.MINIFS($C$200:$C$488,$D$200:$D$488,$C$14,$E$200:$E$488,$C$13) -> 120 | I14: 0 | J14: =_xlfn.MINIFS($C$200:$C$488,$D$200:$D$488,$C$14,$E$200:$E$488,$C$15) -> 120 | K14: =_xlfn.MINIFS($C$200:$C$488,$D$200:$D$488,$C$14,$E$200:$E$488,$C$16) -> 120 | L14: =_xlfn.MINIFS($C$200:$C$488,$D$200:$D$488,$C$14,$E$200:$E$488,$C$17) -> 120 | M14: =_xlfn.MINIFS($C$200:$C$488,$D$200:$D$488,$C$14,$E$200:$E$488,$C$18) -> 120 | N14: =_xlfn.MINIFS($C$200:$C$488,$D$200:$D$488,$C$14,$E$200:$E$488,$C$19) -> 120 | S14: u(i) ∈ [1,8] posición del bloque i en la secuencia
A15: 4 | B15: S2 Piña | C15: 6743 | E15: 4 | F15: 0 | G15: =_xlfn.MINIFS($C$200:$C$488,$D$200:$D$488,$C$15,$E$200:$E$488,$C$12) -> 180 | H15: =_xlfn.MINIFS($C$200:$C$488,$D$200:$D$488,$C$15,$E$200:$E$488,$C$13) -> 120 | I15: =_xlfn.MINIFS($C$200:$C$488,$D$200:$D$488,$C$15,$E$200:$E$488,$C$14) -> 120 | J15: 0 | K15: =_xlfn.MINIFS($C$200:$C$488,$D$200:$D$488,$C$15,$E$200:$E$488,$C$16) -> 120 | L15: =_xlfn.MINIFS($C$200:$C$488,$D$200:$D$488,$C$15,$E$200:$E$488,$C$17) -> 120 | M15: =_xlfn.MINIFS($C$200:$C$488,$D$200:$D$488,$C$15,$E$200:$E$488,$C$18) -> 120 | N15: =_xlfn.MINIFS($C$200:$C$488,$D$200:$D$488,$C$15,$E$200:$E$488,$C$19) -> 120
A16: 5 | B16: F3 Tomate | C16: 5998 | E16: 5 | F16: 0 | G16: =_xlfn.MINIFS($C$200:$C$488,$D$200:$D$488,$C$16,$E$200:$E$488,$C$12) -> 120 | H16: =_xlfn.MINIFS($C$200:$C$488,$D$200:$D$488,$C$16,$E$200:$E$488,$C$13) -> 120 | I16: =_xlfn.MINIFS($C$200:$C$488,$D$200:$D$488,$C$16,$E$200:$E$488,$C$14) -> 120 | J16: =_xlfn.MINIFS($C$200:$C$488,$D$200:$D$488,$C$16,$E$200:$E$488,$C$15) -> 120 | K16: 0 | L16: =_xlfn.MINIFS($C$200:$C$488,$D$200:$D$488,$C$16,$E$200:$E$488,$C$17) -> 120 | M16: =_xlfn.MINIFS($C$200:$C$488,$D$200:$D$488,$C$16,$E$200:$E$488,$C$18) -> 120 | N16: =_xlfn.MINIFS($C$200:$C$488,$D$200:$D$488,$C$16,$E$200:$E$488,$C$19) -> 120 | S16: FUNCIÓN OBJETIVO
A17: 6 | B17: S3 Napolitana | C17: 15564 | E17: 6 | F17: 0 | G17: =_xlfn.MINIFS($C$200:$C$488,$D$200:$D$488,$C$17,$E$200:$E$488,$C$12) -> 180 | H17: =_xlfn.MINIFS($C$200:$C$488,$D$200:$D$488,$C$17,$E$200:$E$488,$C$13) -> 120 | I17: =_xlfn.MINIFS($C$200:$C$488,$D$200:$D$488,$C$17,$E$200:$E$488,$C$14) -> 120 | J17: =_xlfn.MINIFS($C$200:$C$488,$D$200:$D$488,$C$17,$E$200:$E$488,$C$15) -> 120 | K17: =_xlfn.MINIFS($C$200:$C$488,$D$200:$D$488,$C$17,$E$200:$E$488,$C$16) -> 120 | L17: 0 | M17: =_xlfn.MINIFS($C$200:$C$488,$D$200:$D$488,$C$17,$E$200:$E$488,$C$18) -> 120 | N17: =_xlfn.MINIFS($C$200:$C$488,$D$200:$D$488,$C$17,$E$200:$E$488,$C$19) -> 120 | S17: Min Z = Σi Σj d(i,j) · x(i,j)
A18: 7 | B18: S4 Rosada | C18: 3643 | E18: 7 | F18: 0 | G18: =_xlfn.MINIFS($C$200:$C$488,$D$200:$D$488,$C$18,$E$200:$E$488,$C$12) -> 180 | H18: =_xlfn.MINIFS($C$200:$C$488,$D$200:$D$488,$C$18,$E$200:$E$488,$C$13) -> 120 | I18: =_xlfn.MINIFS($C$200:$C$488,$D$200:$D$488,$C$18,$E$200:$E$488,$C$14) -> 120 | J18: =_xlfn.MINIFS($C$200:$C$488,$D$200:$D$488,$C$18,$E$200:$E$488,$C$15) -> 120 | K18: =_xlfn.MINIFS($C$200:$C$488,$D$200:$D$488,$C$18,$E$200:$E$488,$C$16) -> 120 | L18: =_xlfn.MINIFS($C$200:$C$488,$D$200:$D$488,$C$18,$E$200:$E$488,$C$17) -> 120 | M18: 0 | N18: =_xlfn.MINIFS($C$200:$C$488,$D$200:$D$488,$C$18,$E$200:$E$488,$C$19) -> 120
A19: 8 | B19: S5 Vinagre | C19: 3533 | E19: 8 | F19: 0 | G19: =_xlfn.MINIFS($C$200:$C$488,$D$200:$D$488,$C$19,$E$200:$E$488,$C$12) -> 120 | H19: =_xlfn.MINIFS($C$200:$C$488,$D$200:$D$488,$C$19,$E$200:$E$488,$C$13) -> 120 | I19: =_xlfn.MINIFS($C$200:$C$488,$D$200:$D$488,$C$19,$E$200:$E$488,$C$14) -> 120 | J19: =_xlfn.MINIFS($C$200:$C$488,$D$200:$D$488,$C$19,$E$200:$E$488,$C$15) -> 120 | K19: =_xlfn.MINIFS($C$200:$C$488,$D$200:$D$488,$C$19,$E$200:$E$488,$C$16) -> 120 | L19: =_xlfn.MINIFS($C$200:$C$488,$D$200:$D$488,$C$19,$E$200:$E$488,$C$17) -> 120 | M19: =_xlfn.MINIFS($C$200:$C$488,$D$200:$D$488,$C$19,$E$200:$E$488,$C$18) -> 120 | N19: 0 | S19: SUJETO A
S20: (1) Σj x(i,j) = 1 ∀i de cada bloque se sale una vez
S21: (2) Σi x(i,j) = 1 ∀j a cada bloque se entra una vez
S22: (3) x(i,i) = 0 ∀i sin autolazos
S23: (4) u(i) − u(j) + 9·x(i,j) ≤ 8 ∀i,j ≥ 1, i≠j (MTZ: prohíbe subtoures)
A24: VARIABLES DE DECISIÓN x(i,j) — celdas amarillas | S24: (5) x(i,j) binaria, u(i) entera
E25: x(i,j) | F25: 0 | G25: 1 | H25: 2 | I25: 3 | J25: 4 | K25: 5 | L25: 6 | M25: 7 | N25: 8 | O25: Σ fila | P25: = | Q25: u(i)
E26: 0 | F26: 0 | G26: 0 | H26: 0 | I26: 0 | J26: 0 | K26: 0 | L26: 0 | M26: 0 | N26: 1 | O26: =SUM(F26:N26) -> 1 | P26: 1 | Q26: 0 | S26: POR QUÉ EL NODO FICTICIO
E27: 1 | F27: 1 | G27: 0 | H27: 0 | I27: 0 | J27: 0 | K27: 0 | L27: 0 | M27: 0 | N27: 0 | O27: =SUM(F27:N27) -> 1 | P27: 1 | Q27: 8 | S27: El TSP clásico busca un CICLO cerrado, pero un plan de producción
E28: 2 | F28: 0 | G28: 0 | H28: 0 | I28: 1 | J28: 0 | K28: 0 | L28: 0 | M28: 0 | N28: 0 | O28: =SUM(F28:N28) -> 1 | P28: 1 | Q28: 6 | S28: es un CAMINO: se arranca en un producto y se termina en otro, sin
E29: 3 | F29: 0 | G29: 1 | H29: 0 | I29: 0 | J29: 0 | K29: 0 | L29: 0 | M29: 0 | N29: 0 | O29: =SUM(F29:N29) -> 1 | P29: 1 | Q29: 7 | S29: volver al inicio. Se añade un nodo 0 a distancia cero de todos:
E30: 4 | F30: 0 | G30: 0 | H30: 1 | I30: 0 | J30: 0 | K30: 0 | L30: 0 | M30: 0 | N30: 0 | O30: =SUM(F30:N30) -> 1 | P30: 1 | Q30: 5 | S30: el ciclo óptimo sobre 9 nodos equivale al camino óptimo sobre 8.
E31: 5 | F31: 0 | G31: 0 | H31: 0 | I31: 0 | J31: 1 | K31: 0 | L31: 0 | M31: 0 | N31: 0 | O31: =SUM(F31:N31) -> 1 | P31: 1 | Q31: 4
E32: 6 | F32: 0 | G32: 0 | H32: 0 | I32: 0 | J32: 0 | K32: 1 | L32: 0 | M32: 0 | N32: 0 | O32: =SUM(F32:N32) -> 1 | P32: 1 | Q32: 3 | S32: POR QUÉ 8 NODOS Y NO 17
E33: 7 | F33: 0 | G33: 0 | H33: 0 | I33: 0 | J33: 0 | K33: 0 | L33: 1 | M33: 0 | N33: 0 | O33: =SUM(F33:N33) -> 1 | P33: 1 | Q33: 2 | S33: Dentro de una familia el cambio cuesta 0 y el orden interno es
E34: 8 | F34: 0 | G34: 0 | H34: 0 | I34: 0 | J34: 0 | K34: 0 | L34: 0 | M34: 1 | N34: 0 | O34: =SUM(F34:N34) -> 1 | P34: 1 | Q34: 1 | S34: irrelevante. Optimizar sobre bloques es exacto y baja el espacio
E35: Σ col | F35: =SUM(F26:F34) -> 1 | G35: =SUM(G26:G34) -> 1 | H35: =SUM(H26:H34) -> 1 | I35: =SUM(I26:I34) -> 1 | J35: =SUM(J26:J34) -> 1 | K35: =SUM(K26:K34) -> 1 | L35: =SUM(L26:L34) -> 1 | M35: =SUM(M26:M34) -> 1 | N35: =SUM(N26:N34) -> 1 | S35: de búsqueda de 17! ≈ 3,6×10¹⁴ a 8! = 40.320. Además cabe en el
E36: = | F36: 1 | G36: 1 | H36: 1 | I36: 1 | J36: 1 | K36: 1 | L36: 1 | M36: 1 | N36: 1 | S36: límite de 200 variables del Solver estándar de Excel.
A39: RESTRICCIÓN (4) MTZ: u(i) − u(j) + 9·x(i,j) debe ser ≤ 8
E40: i \ j | F40: 1 | G40: 2 | H40: 3 | I40: 4 | J40: 5 | K40: 6 | L40: 7 | M40: 8
E41: 1 | F41: 0 | G41: =$Q$27-$Q$28+9*H27 -> 2 | H41: =$Q$27-$Q$29+9*I27 -> 1 | I41: =$Q$27-$Q$30+9*J27 -> 3 | J41: =$Q$27-$Q$31+9*K27 -> 4 | K41: =$Q$27-$Q$32+9*L27 -> 5 | L41: =$Q$27-$Q$33+9*M27 -> 6 | M41: =$Q$27-$Q$34+9*N27 -> 7
E42: 2 | F42: =$Q$28-$Q$27+9*G28 -> -2 | G42: 0 | H42: =$Q$28-$Q$29+9*I28 -> 8 | I42: =$Q$28-$Q$30+9*J28 -> 1 | J42: =$Q$28-$Q$31+9*K28 -> 2 | K42: =$Q$28-$Q$32+9*L28 -> 3 | L42: =$Q$28-$Q$33+9*M28 -> 4 | M42: =$Q$28-$Q$34+9*N28 -> 5
E43: 3 | F43: =$Q$29-$Q$27+9*G29 -> 8 | G43: =$Q$29-$Q$28+9*H29 -> 1 | H43: 0 | I43: =$Q$29-$Q$30+9*J29 -> 2 | J43: =$Q$29-$Q$31+9*K29 -> 3 | K43: =$Q$29-$Q$32+9*L29 -> 4 | L43: =$Q$29-$Q$33+9*M29 -> 5 | M43: =$Q$29-$Q$34+9*N29 -> 6
E44: 4 | F44: =$Q$30-$Q$27+9*G30 -> -3 | G44: =$Q$30-$Q$28+9*H30 -> 8 | H44: =$Q$30-$Q$29+9*I30 -> -2 | I44: 0 | J44: =$Q$30-$Q$31+9*K30 -> 1 | K44: =$Q$30-$Q$32+9*L30 -> 2 | L44: =$Q$30-$Q$33+9*M30 -> 3 | M44: =$Q$30-$Q$34+9*N30 -> 4
E45: 5 | F45: =$Q$31-$Q$27+9*G31 -> -4 | G45: =$Q$31-$Q$28+9*H31 -> -2 | H45: =$Q$31-$Q$29+9*I31 -> -3 | I45: =$Q$31-$Q$30+9*J31 -> 8 | J45: 0 | K45: =$Q$31-$Q$32+9*L31 -> 1 | L45: =$Q$31-$Q$33+9*M31 -> 2 | M45: =$Q$31-$Q$34+9*N31 -> 3
E46: 6 | F46: =$Q$32-$Q$27+9*G32 -> -5 | G46: =$Q$32-$Q$28+9*H32 -> -3 | H46: =$Q$32-$Q$29+9*I32 -> -4 | I46: =$Q$32-$Q$30+9*J32 -> -2 | J46: =$Q$32-$Q$31+9*K32 -> 8 | K46: 0 | L46: =$Q$32-$Q$33+9*M32 -> 1 | M46: =$Q$32-$Q$34+9*N32 -> 2
E47: 7 | F47: =$Q$33-$Q$27+9*G33 -> -6 | G47: =$Q$33-$Q$28+9*H33 -> -4 | H47: =$Q$33-$Q$29+9*I33 -> -5 | I47: =$Q$33-$Q$30+9*J33 -> -3 | J47: =$Q$33-$Q$31+9*K33 -> -2 | K47: =$Q$33-$Q$32+9*L33 -> 8 | L47: 0 | M47: =$Q$33-$Q$34+9*N33 -> 1
E48: 8 | F48: =$Q$34-$Q$27+9*G34 -> -7 | G48: =$Q$34-$Q$28+9*H34 -> -5 | H48: =$Q$34-$Q$29+9*I34 -> -6 | I48: =$Q$34-$Q$30+9*J34 -> -4 | J48: =$Q$34-$Q$31+9*K34 -> -3 | K48: =$Q$34-$Q$32+9*L34 -> -2 | L48: =$Q$34-$Q$33+9*M34 -> 8 | M48: 0
A50: Máximo de la matriz MTZ: | E50: =MAX(F41:M48) -> 8 | F50: =IF(E50<=8,"cumple ≤ 8 ✓","VIOLADA") -> cumple ≤ 8 ✓
A51: Suma de diagonal (debe ser 0) | E51: =F26+G27+H28+I29+J30+K31+L32+M33+N34 -> 0 | F51: =IF(E51=0,"Sin autolazos","REVISAR") -> Sin autolazos
A53: CÓMO EJECUTAR EL SOLVER (Datos ▸ Solver)
A54: Establecer objetivo | E54: $C$6
A55: Para | E55: Mín
A56: Cambiando las celdas de variables | E56: $F$26:$N$34, $Q$27:$Q$34
A57: Restricción 1 — salida | E57: $O$26:$O$34 = $P$26:$P$34
A58: Restricción 2 — entrada | E58: $F$35:$N$35 = $F$36:$N$36
A59: Restricción 3 — binarias | E59: $F$26:$N$34 = binario
A60: Restricción 4 — MTZ | E60: $F$41:$M$48 <= 8
A61: Restricción 5 — orden entero | E61: $Q$27:$Q$34 = entero; $Q$27:$Q$34 >= 1; $Q$27:$Q$34 <= 8
A62: Método de resolución | E62: LP Simplex (el modelo es lineal entero)
A63: Resultado esperado | E63: Z = 840 minutos
A64: Restricción 6 — diagonal cero | E64: $E$51 = 0
A65: Variables amarillas precargadas. Para reoptimizar: configurar las seis restricciones y ejecutar Solver. La diagonal debe sumar cero; no basta con iniciar esas celdas en cero.
A67: EN PALABRAS SIMPLES — ¿QUÉ HACE ESTE MODELO?
A68: ¿Qué es «el problema del agente viajero»? | F68: Imagine un viajero que debe visitar 8 ciudades (aquí, 8 familias de producto) exactamente una vez cada una, y quiere hacerlo gastando el menor tiempo posible en los traslados entre ciudades. La única diferencia es que aquí el viajero no vuelve a la ciudad de partida: llega a la última y termina ahí, porque un plan de fabricación no es un círculo, es un recorrido con principio y fin.
A69: ¿Qué son x(i,j) y u(i)? | F69: x(i,j) es simplemente un interruptor: vale 1 si, en el plan, justo después de fabricar la familia i se pasa a fabricar la familia j, y 0 en cualquier otro caso. u(i) es el número de turno de salida de cada familia (1ª, 2ª, 3ª… en la fila), es decir, en qué posición del recorrido queda cada una.
A70: ¿Para qué sirve la restricción (4), la que tiene la letra rara (MTZ)? | F70: MTZ elimina ciclos entre nodos distintos. La restricción adicional de diagonal cero elimina autolazos; ambas son necesarias junto con las entradas, salidas y cotas de orden.
A71: ¿Por qué hay que decírselo a Excel con números (9, ≤8) en vez de solo explicarlo? | F71: Porque el Solver de Excel no entiende explicaciones: solo entiende sumas, restas y desigualdades. La fórmula u(i) − u(j) + 9·x(i,j) ≤ 8 es la forma matemática de decir exactamente la idea de arriba, y funciona porque 9 es un número mayor que las 8 posiciones posibles del recorrido — es un detalle técnico de construcción, no algo que el lector necesite memorizar para entender el resultado.
A198: TABLA AUXILIAR DE ARISTAS (289 pares) — alimenta la matriz d(i,j) por MINIFS
A199: Id desde | B199: Id hasta | C199: Cambio (min) | D199: Bloque desde | E199: Bloque hasta
A200: 3757 | B200: 3757 | C200: =INDEX('04_Matriz_Cambios'!$B$6:$R$22,MATCH($A200,'04_Matriz_Cambios'!$A$6:$A$22,0),MATCH($B200,'04_Matriz_Cambios'!$B$5:$R$5,0)) -> 0 | D200: =INDEX('02_Datos_Maestros'!$I$5:$I$21,MATCH($A200,'02_Datos_Maestros'!$A$5:$A$21,0)) -> 3757 | E200: =INDEX('02_Datos_Maestros'!$I$5:$I$21,MATCH($B200,'02_Datos_Maestros'!$A$5:$A$21,0)) -> 3757
A201: 3757 | B201: 3925 | C201: =INDEX('04_Matriz_Cambios'!$B$6:$R$22,MATCH($A201,'04_Matriz_Cambios'!$A$6:$A$22,0),MATCH($B201,'04_Matriz_Cambios'!$B$5:$R$5,0)) -> 0 | D201: =INDEX('02_Datos_Maestros'!$I$5:$I$21,MATCH($A201,'02_Datos_Maestros'!$A$5:$A$21,0)) -> 3757 | E201: =INDEX('02_Datos_Maestros'!$I$5:$I$21,MATCH($B201,'02_Datos_Maestros'!$A$5:$A$21,0)) -> 3757
A202: 3757 | B202: 6616 | C202: =INDEX('04_Matriz_Cambios'!$B$6:$R$22,MATCH($A202,'04_Matriz_Cambios'!$A$6:$A$22,0),MATCH($B202,'04_Matriz_Cambios'!$B$5:$R$5,0)) -> 0 | D202: =INDEX('02_Datos_Maestros'!$I$5:$I$21,MATCH($A202,'02_Datos_Maestros'!$A$5:$A$21,0)) -> 3757 | E202: =INDEX('02_Datos_Maestros'!$I$5:$I$21,MATCH($B202,'02_Datos_Maestros'!$A$5:$A$21,0)) -> 3757
A203: 3757 | B203: 6639 | C203: =INDEX('04_Matriz_Cambios'!$B$6:$R$22,MATCH($A203,'04_Matriz_Cambios'!$A$6:$A$22,0),MATCH($B203,'04_Matriz_Cambios'!$B$5:$R$5,0)) -> 180 | D203: =INDEX('02_Datos_Maestros'!$I$5:$I$21,MATCH($A203,'02_Datos_Maestros'!$A$5:$A$21,0)) -> 3757 | E203: =INDEX('02_Datos_Maestros'!$I$5:$I$21,MATCH($B203,'02_Datos_Maestros'!$A$5:$A$21,0)) -> 6639
A204: 3757 | B204: 17246 | C204: =INDEX('04_Matriz_Cambios'!$B$6:$R$22,MATCH($A204,'04_Matriz_Cambios'!$A$6:$A$22,0),MATCH($B204,'04_Matriz_Cambios'!$B$5:$R$5,0)) -> 120 | D204: =INDEX('02_Datos_Maestros'!$I$5:$I$21,MATCH($A204,'02_Datos_Maestros'!$A$5:$A$21,0)) -> 3757 | E204: =INDEX('02_Datos_Maestros'!$I$5:$I$21,MATCH($B204,'02_Datos_Maestros'!$A$5:$A$21,0)) -> 3278
A205: 3757 | B205: 16816 | C205: =INDEX('04_Matriz_Cambios'!$B$6:$R$22,MATCH($A205,'04_Matriz_Cambios'!$A$6:$A$22,0),MATCH($B205,'04_Matriz_Cambios'!$B$5:$R$5,0)) -> 120 | D205: =INDEX('02_Datos_Maestros'!$I$5:$I$21,MATCH($A205,'02_Datos_Maestros'!$A$5:$A$21,0)) -> 3757 | E205: =INDEX('02_Datos_Maestros'!$I$5:$I$21,MATCH($B205,'02_Datos_Maestros'!$A$5:$A$21,0)) -> 3278
A206: 3757 | B206: 6743 | C206: =INDEX('04_Matriz_Cambios'!$B$6:$R$22,MATCH($A206,'04_Matriz_Cambios'!$A$6:$A$22,0),MATCH($B206,'04_Matriz_Cambios'!$B$5:$R$5,0)) -> 180 | D206: =INDEX('02_Datos_Maestros'!$I$5:$I$21,MATCH($A206,'02_Datos_Maestros'!$A$5:$A$21,0)) -> 3757 | E206: =INDEX('02_Datos_Maestros'!$I$5:$I$21,MATCH($B206,'02_Datos_Maestros'!$A$5:$A$21,0)) -> 6743
A207: 3757 | B207: 16787 | C207: =INDEX('04_Matriz_Cambios'!$B$6:$R$22,MATCH($A207,'04_Matriz_Cambios'!$A$6:$A$22,0),MATCH($B207,'04_Matriz_Cambios'!$B$5:$R$5,0)) -> 120 | D207: =INDEX('02_Datos_Maestros'!$I$5:$I$21,MATCH($A207,'02_Datos_Maestros'!$A$5:$A$21,0)) -> 3757 | E207: =INDEX('02_Datos_Maestros'!$I$5:$I$21,MATCH($B207,'02_Datos_Maestros'!$A$5:$A$21,0)) -> 5998
A208: 3757 | B208: 15881 | C208: =INDEX('04_Matriz_Cambios'!$B$6:$R$22,MATCH($A208,'04_Matriz_Cambios'!$A$6:$A$22,0),MATCH($B208,'04_Matriz_Cambios'!$B$5:$R$5,0)) -> 120 | D208: =INDEX('02_Datos_Maestros'!$I$5:$I$21,MATCH($A208,'02_Datos_Maestros'!$A$5:$A$21,0)) -> 3757 | E208: =INDEX('02_Datos_Maestros'!$I$5:$I$21,MATCH($B208,'02_Datos_Maestros'!$A$5:$A$21,0)) -> 5998
A209: 3757 | B209: 5998 | C209: =INDEX('04_Matriz_Cambios'!$B$6:$R$22,MATCH($A209,'04_Matriz_Cambios'!$A$6:$A$22,0),MATCH($B209,'04_Matriz_Cambios'!$B$5:$R$5,0)) -> 120 | D209: =INDEX('02_Datos_Maestros'!$I$5:$I$21,MATCH($A209,'02_Datos_Maestros'!$A$5:$A$21,0)) -> 3757 | E209: =INDEX('02_Datos_Maestros'!$I$5:$I$21,MATCH($B209,'02_Datos_Maestros'!$A$5:$A$21,0)) -> 5998
A210: 3757 | B210: 3749 | C210: =INDEX('04_Matriz_Cambios'!$B$6:$R$22,MATCH($A210,'04_Matriz_Cambios'!$A$6:$A$22,0),MATCH($B210,'04_Matriz_Cambios'!$B$5:$R$5,0)) -> 120 | D210: =INDEX('02_Datos_Maestros'!$I$5:$I$21,MATCH($A210,'02_Datos_Maestros'!$A$5:$A$21,0)) -> 3757 | E210: =INDEX('02_Datos_Maestros'!$I$5:$I$21,MATCH($B210,'02_Datos_Maestros'!$A$5:$A$21,0)) -> 3278
A211: 3757 | B211: 3278 | C211: =INDEX('04_Matriz_Cambios'!$B$6:$R$22,MATCH($A211,'04_Matriz_Cambios'!$A$6:$A$22,0),MATCH($B211,'04_Matriz_Cambios'!$B$5:$R$5,0)) -> 120 | D211: =INDEX('02_Datos_Maestros'!$I$5:$I$21,MATCH($A211,'02_Datos_Maestros'!$A$5:$A$21,0)) -> 3757 | E211: =INDEX('02_Datos_Maestros'!$I$5:$I$21,MATCH($B211,'02_Datos_Maestros'!$A$5:$A$21,0)) -> 3278
... A488: 3533 | B488: 3533 | C488: =INDEX('04_Matriz_Cambios'!$B$6:$R$22,MATCH($A488,'04_Matriz_Cambios'!$A$6:$A$22,0),MATCH($B488,'04_Matriz_Cambios'!$B$5:$R$5,0)) -> 0 | D488: =INDEX('02_Datos_Maestros'!$I$5:$I$21,MATCH($A488,'02_Datos_Maestros'!$A$5:$A$21,0)) -> 3533 | E488: =INDEX('02_Datos_Maestros'!$I$5:$I$21,MATCH($B488,'02_Datos_Maestros'!$A$5:$A$21,0)) -> 3533

Sheet 06_Secuencia_Optima
A1: SECUENCIA ÓPTIMA Y PRUEBA DE OPTIMALIDAD
A2: Ruta reconstruida desde variables de Solver. Las fórmulas recalculan el programa, pero no ejecutan automáticamente la optimización.
A4: PRUEBA DE OPTIMALIDAD DEL CASO BASE
A5: Vía 1 — Cota inferior combinatoria (se demuestra sin computador) | E5: Los cambios de 0 minutos parten los 17 productos en 8 bloques disjuntos, y no existe ningún cambio de 0 minutos entre bloques distintos. Por lo tanto CUALQUIER secuencia de los 17 productos cruza al menos 7 veces de un bloque a otro, y cada uno de esos cruces cuesta como mínimo 120 minutos. Luego ninguna secuencia puede costar menos de 7 × 120 = 840 minutos.
A6: Verificación de la secuencia | E6: La ruta expandida visita una vez cada producto y suma 840 minutos en la matriz original. Al alcanzar la cota inferior, prueba la optimalidad de cambios del caso base. No se adjunta una ejecución independiente de Held-Karp.
A7: Conclusión | E7: La secuencia base alcanza 840 minutos con siete cambios de 120. La matriz contiene 30 transiciones de 180 minutos (15 pares). La optimalidad se refiere al tiempo de cambio, no a costos o fechas de entrega.
A9: Cota inferior (7 cruces × 120 min) | D9: ='05_Modelo_Solver'!C7 -> 840 | E9: Solución | F9: =SUM($F$26:$F$42) -> 840 | G9: =IF(AND(F9=D9,'10_KPIs'!C23="OK (17/17)",'10_KPIs'!C28="OK"),"ÓPTIMO DEMOSTRADO","No demostrado") -> ÓPTIMO DEMOSTRADO
A13: RUTA ÓPTIMA DE BLOQUES (leída desde las variables u(i) del Solver) | E13: La ruta se lee de las posiciones u(i) de Solver. Después de cambiar la matriz, ejecutar Solver y verificar la ruta a nivel de producto.
A14: Posición | B14: Nodo | C14: Rep. Id | D14: Familia | E14: Cambio (min)
A15: 1 | B15: =INDEX('05_Modelo_Solver'!$A$12:$A$19,MATCH($A15,'05_Modelo_Solver'!$Q$27:$Q$34,0)) -> 8 | C15: =INDEX('05_Modelo_Solver'!$C$12:$C$19,MATCH($B15,'05_Modelo_Solver'!$A$12:$A$19,0)) -> 3533 | D15: =INDEX('05_Modelo_Solver'!$B$12:$B$19,MATCH($B15,'05_Modelo_Solver'!$A$12:$A$19,0)) -> S5 Vinagre | E15: =IF($A15=1,0,INDEX('05_Modelo_Solver'!$F$11:$N$19,$B14+1,$B15+1)) -> 0
A16: 2 | B16: =INDEX('05_Modelo_Solver'!$A$12:$A$19,MATCH($A16,'05_Modelo_Solver'!$Q$27:$Q$34,0)) -> 7 | C16: =INDEX('05_Modelo_Solver'!$C$12:$C$19,MATCH($B16,'05_Modelo_Solver'!$A$12:$A$19,0)) -> 3643 | D16: =INDEX('05_Modelo_Solver'!$B$12:$B$19,MATCH($B16,'05_Modelo_Solver'!$A$12:$A$19,0)) -> S4 Rosada | E16: =IF($A16=1,0,INDEX('05_Modelo_Solver'!$F$11:$N$19,$B15+1,$B16+1)) -> 120
A17: 3 | B17: =INDEX('05_Modelo_Solver'!$A$12:$A$19,MATCH($A17,'05_Modelo_Solver'!$Q$27:$Q$34,0)) -> 6 | C17: =INDEX('05_Modelo_Solver'!$C$12:$C$19,MATCH($B17,'05_Modelo_Solver'!$A$12:$A$19,0)) -> 15564 | D17: =INDEX('05_Modelo_Solver'!$B$12:$B$19,MATCH($B17,'05_Modelo_Solver'!$A$12:$A$19,0)) -> S3 Napolitana | E17: =IF($A17=1,0,INDEX('05_Modelo_Solver'!$F$11:$N$19,$B16+1,$B17+1)) -> 120
A18: 4 | B18: =INDEX('05_Modelo_Solver'!$A$12:$A$19,MATCH($A18,'05_Modelo_Solver'!$Q$27:$Q$34,0)) -> 5 | C18: =INDEX('05_Modelo_Solver'!$C$12:$C$19,MATCH($B18,'05_Modelo_Solver'!$A$12:$A$19,0)) -> 5998 | D18: =INDEX('05_Modelo_Solver'!$B$12:$B$19,MATCH($B18,'05_Modelo_Solver'!$A$12:$A$19,0)) -> F3 Tomate | E18: =IF($A18=1,0,INDEX('05_Modelo_Solver'!$F$11:$N$19,$B17+1,$B18+1)) -> 120
A19: 5 | B19: =INDEX('05_Modelo_Solver'!$A$12:$A$19,MATCH($A19,'05_Modelo_Solver'!$Q$27:$Q$34,0)) -> 4 | C19: =INDEX('05_Modelo_Solver'!$C$12:$C$19,MATCH($B19,'05_Modelo_Solver'!$A$12:$A$19,0)) -> 6743 | D19: =INDEX('05_Modelo_Solver'!$B$12:$B$19,MATCH($B19,'05_Modelo_Solver'!$A$12:$A$19,0)) -> S2 Piña | E19: =IF($A19=1,0,INDEX('05_Modelo_Solver'!$F$11:$N$19,$B18+1,$B19+1)) -> 120
A20: 6 | B20: =INDEX('05_Modelo_Solver'!$A$12:$A$19,MATCH($A20,'05_Modelo_Solver'!$Q$27:$Q$34,0)) -> 2 | C20: =INDEX('05_Modelo_Solver'!$C$12:$C$19,MATCH($B20,'05_Modelo_Solver'!$A$12:$A$19,0)) -> 6639 | D20: =INDEX('05_Modelo_Solver'!$B$12:$B$19,MATCH($B20,'05_Modelo_Solver'!$A$12:$A$19,0)) -> S1 Barbecue | E20: =IF($A20=1,0,INDEX('05_Modelo_Solver'!$F$11:$N$19,$B19+1,$B20+1)) -> 120
A21: 7 | B21: =INDEX('05_Modelo_Solver'!$A$12:$A$19,MATCH($A21,'05_Modelo_Solver'!$Q$27:$Q$34,0)) -> 3 | C21: =INDEX('05_Modelo_Solver'!$C$12:$C$19,MATCH($B21,'05_Modelo_Solver'!$A$12:$A$19,0)) -> 3278 | D21: =INDEX('05_Modelo_Solver'!$B$12:$B$19,MATCH($B21,'05_Modelo_Solver'!$A$12:$A$19,0)) -> F2 Emulsiones | E21: =IF($A21=1,0,INDEX('05_Modelo_Solver'!$F$11:$N$19,$B20+1,$B21+1)) -> 120
A22: 8 | B22: =INDEX('05_Modelo_Solver'!$A$12:$A$19,MATCH($A22,'05_Modelo_Solver'!$Q$27:$Q$34,0)) -> 1 | C22: =INDEX('05_Modelo_Solver'!$C$12:$C$19,MATCH($B22,'05_Modelo_Solver'!$A$12:$A$19,0)) -> 3757 | D22: =INDEX('05_Modelo_Solver'!$B$12:$B$19,MATCH($B22,'05_Modelo_Solver'!$A$12:$A$19,0)) -> F1 Mostazas | E22: =IF($A22=1,0,INDEX('05_Modelo_Solver'!$F$11:$N$19,$B21+1,$B22+1)) -> 120
A23: MOTOR DE CÁLCULO DEL PLAN — línea de tiempo continua en minutos desde el arranque del mes | E23: El fin de cada referencia incluye la pequeña espera necesaria para no dividir cartones entre turnos. El tiempo productivo neto sigue siendo necesidad × minutos/cartón.
T24: AUXILIAR — reconstrucción del orden
A25: Orden | B25: Id | C25: Descripción | D25: Bloque | E25: Producto anterior | F25: Tiempo cambio (min) | G25: Necesidad (cartones) | H25: Cartones /Turno | I25: Min /Cartón | J25: Minutos producción | K25: Inicio cambio | L25: Inicio producción | M25: Fin producción | N25: Turno inicio | O25: Turno fin | P25: Fecha inicio | Q25: Fecha fin | T25: Id | U25: Bloque | V25: Pos.blq | W25: Rank int. | X25: Clave | Y25: Orden | Z25: Min hasta cierre del primer turno | AA25: Cartones que caben en primer turno | AB25: Espera por cartón completo (min)
A26: 1 | B26: =INDEX($T$26:$T$42,MATCH($A26,$Y$26:$Y$42,0)) -> 3533 | C26: =INDEX('02_Datos_Maestros'!$B$5:$B$21,MATCH($B26,'02_Datos_Maestros'!$A$5:$A$21,0)) -> VINAGRE BLANCO (24DP/1/230ml) | D26: =INDEX('02_Datos_Maestros'!$I$5:$I$21,MATCH($B26,'02_Datos_Maestros'!$A$5:$A$21,0)) -> 3533 | E26: =IF($A26=1,"—",$B25) -> — | F26: =IF($A26=1,0,INDEX('04_Matriz_Cambios'!$B$6:$R$22,MATCH($E26,'04_Matriz_Cambios'!$A$6:$A$22,0),MATCH($B26,'04_Matriz_Cambios'!$B$5:$R$5,0))) -> 0 | G26: =INDEX('03_Demanda_ABC'!$C$5:$C$21,MATCH($B26,'03_Demanda_ABC'!$A$5:$A$21,0)) -> 3834 | H26: =INDEX('02_Datos_Maestros'!$F$5:$F$21,MATCH($B26,'02_Datos_Maestros'!$A$5:$A$21,0)) -> 1123 | I26: =480/$H26 -> 0.42742654 | J26: =$G26*$I26 -> 1638.7533 | K26: =0 -> 0 | L26: =SUM(K26,F26) -> 0 | M26: =L26+J26+AB26 -> 1638.7533 | N26: =INT($L26/480)+1 -> 1 | O26: =INT(($M26-0.0001)/480)+1 -> 4 | P26: =IF(N26>MAX('07_Calendario'!$F$5:$F$82),"Fuera del mes",INDEX('07_Calendario'!$B$5:$B$82,MATCH(N26,'07_Calendario'!$F$5:$F$82,0))) -> 46266 | Q26: =IF(O26>MAX('07_Calendario'!$F$5:$F$82),"Fuera del mes",INDEX('07_Calendario'!$B$5:$B$82,MATCH(O26,'07_Calendario'!$F$5:$F$82,0))) -> 46267 | T26: ='02_Datos_Maestros'!$A$5 -> 3278 | U26: ='02_Datos_Maestros'!$I$5 -> 3278 | V26: =MATCH($U26,$C$15:$C$22,0) -> 7 | W26: =COUNTIFS($U$26:$U$42,$U26,$T$26:$T$42,"<="&$T26) -> 1 | X26: =$V26*100+$W26 -> 701 | Y26: =RANK($X26,$X$26:$X$42,1) -> 9 | Z26: =480-MOD(L26,480) -> 480 | AA26: =INT(ROUND(Z26*H26/480,6)) -> 1123 | AB26: =IF(G26>AA26,MAX(0,Z26-AA26*I26),0) -> 0
A27: 2 | B27: =INDEX($T$26:$T$42,MATCH($A27,$Y$26:$Y$42,0)) -> 3643 | C27: =INDEX('02_Datos_Maestros'!$B$5:$B$21,MATCH($B27,'02_Datos_Maestros'!$A$5:$A$21,0)) -> SALSA ROSADA (12DP/1/380g) | D27: =INDEX('02_Datos_Maestros'!$I$5:$I$21,MATCH($B27,'02_Datos_Maestros'!$A$5:$A$21,0)) -> 3643 | E27: =IF($A27=1,"—",$B26) -> 3533 | F27: =IF($A27=1,0,INDEX('04_Matriz_Cambios'!$B$6:$R$22,MATCH($E27,'04_Matriz_Cambios'!$A$6:$A$22,0),MATCH($B27,'04_Matriz_Cambios'!$B$5:$R$5,0))) -> 120 | G27: =INDEX('03_Demanda_ABC'!$C$5:$C$21,MATCH($B27,'03_Demanda_ABC'!$A$5:$A$21,0)) -> 3220 | H27: =INDEX('02_Datos_Maestros'!$F$5:$F$21,MATCH($B27,'02_Datos_Maestros'!$A$5:$A$21,0)) -> 2460 | I27: =480/$H27 -> 0.19512195 | J27: =$G27*$I27 -> 628.29268 | K27: =0 -> 0 | L27: =SUM(K27,F27) -> 120 | M27: =L27+J27+AB27 -> 748.29268 | N27: =INT($L27/480)+1 -> 1 | O27: =INT(($M27-0.0001)/480)+1 -> 2 | P27: =IF(N27>MAX('07_Calendario'!$F$5:$F$82),"Fuera del mes",INDEX('07_Calendario'!$B$5:$B$82,MATCH(N27,'07_Calendario'!$F$5:$F$82,0))) -> 46266 | Q27: =IF(O27>MAX('07_Calendario'!$F$5:$F$82),"Fuera del mes",INDEX('07_Calendario'!$B$5:$B$82,MATCH(O27,'07_Calendario'!$F$5:$F$82,0))) -> 46266 | T27: ='02_Datos_Maestros'!$A$6 -> 3533 | U27: ='02_Datos_Maestros'!$I$6 -> 3533 | V27: =MATCH($U27,$C$15:$C$22,0) -> 1 | W27: =COUNTIFS($U$26:$U$42,$U27,$T$26:$T$42,"<="&$T27) -> 1 | X27: =$V27*100+$W27 -> 101 | Y27: =RANK($X27,$X$26:$X$42,1) -> 1 | Z27: =480-MOD(L27,480) -> 360 | AA27: =INT(ROUND(Z27*H27/480,6)) -> 1845 | AB27: =IF(G27>AA27,MAX(0,Z27-AA27*I27),0) -> 0
A28: 3 | B28: =INDEX($T$26:$T$42,MATCH($A28,$Y$26:$Y$42,0)) -> 15564 | C28: =INDEX('02_Datos_Maestros'!$B$5:$B$21,MATCH($B28,'02_Datos_Maestros'!$A$5:$A$21,0)) -> SALSA NAPOLITANA (24DP/1/200g) | D28: =INDEX('02_Datos_Maestros'!$I$5:$I$21,MATCH($B28,'02_Datos_Maestros'!$A$5:$A$21,0)) -> 15564 | E28: =IF($A28=1,"—",$B27) -> 3643 | F28: =IF($A28=1,0,INDEX('04_Matriz_Cambios'!$B$6:$R$22,MATCH($E28,'04_Matriz_Cambios'!$A$6:$A$22,0),MATCH($B28,'04_Matriz_Cambios'!$B$5:$R$5,0))) -> 120 | G28: =INDEX('03_Demanda_ABC'!$C$5:$C$21,MATCH($B28,'03_Demanda_ABC'!$A$5:$A$21,0)) -> 1840 | H28: =INDEX('02_Datos_Maestros'!$F$5:$F$21,MATCH($B28,'02_Datos_Maestros'!$A$5:$A$21,0)) -> 1684 | I28: =480/$H28 -> 0.28503563 | J28: =$G28*$I28 -> 524.46556 | K28: =0 -> 0 | L28: =SUM(K28,F28) -> 120 | M28: =L28+J28+AB28 -> 644.46556 | N28: =INT($L28/480)+1 -> 1 | O28: =INT(($M28-0.0001)/480)+1 -> 2 | P28: =IF(N28>MAX('07_Calendario'!$F$5:$F$82),"Fuera del mes",INDEX('07_Calendario'!$B$5:$B$82,MATCH(N28,'07_Calendario'!$F$5:$F$82,0))) -> 46266 | Q28: =IF(O28>MAX('07_Calendario'!$F$5:$F$82),"Fuera del mes",INDEX('07_Calendario'!$B$5:$B$82,MATCH(O28,'07_Calendario'!$F$5:$F$82,0))) -> 46266 | T28: ='02_Datos_Maestros'!$A$7 -> 3643 | U28: ='02_Datos_Maestros'!$I$7 -> 3643 | V28: =MATCH($U28,$C$15:$C$22,0) -> 2 | W28: =COUNTIFS($U$26:$U$42,$U28,$T$26:$T$42,"<="&$T28) -> 1 | X28: =$V28*100+$W28 -> 201 | Y28: =RANK($X28,$X$26:$X$42,1) -> 2 | Z28: =480-MOD(L28,480) -> 360 | AA28: =INT(ROUND(Z28*H28/480,6)) -> 1263 | AB28: =IF(G28>AA28,MAX(0,Z28-AA28*I28),0) -> 0
A29: 4 | B29: =INDEX($T$26:$T$42,MATCH($A29,$Y$26:$Y$42,0)) -> 5998 | C29: =INDEX('02_Datos_Maestros'!$B$5:$B$21,MATCH($B29,'02_Datos_Maestros'!$A$5:$A$21,0)) -> SALSA DE TOMATE ZEV (20DP/1/500g) | D29: =INDEX('02_Datos_Maestros'!$I$5:$I$21,MATCH($B29,'02_Datos_Maestros'!$A$5:$A$21,0)) -> 5998 | E29: =IF($A29=1,"—",$B28) -> 15564 | F29: =IF($A29=1,0,INDEX('04_Matriz_Cambios'!$B$6:$R$22,MATCH($E29,'04_Matriz_Cambios'!$A$6:$A$22,0),MATCH($B29,'04_Matriz_Cambios'!$B$5:$R$5,0))) -> 120 | G29: =INDEX('03_Demanda_ABC'!$C$5:$C$21,MATCH($B29,'03_Demanda_ABC'!$A$5:$A$21,0)) -> 20286 | H29: =INDEX('02_Datos_Maestros'!$F$5:$F$21,MATCH($B29,'02_Datos_Maestros'!$A$5:$A$21,0)) -> 1476 | I29: =480/$H29 -> 0.32520325 | J29: =$G29*$I29 -> 6597.0732 | K29: =0 -> 0 | L29: =SUM(K29,F29) -> 120 | M29: =L29+J29+AB29 -> 6717.0732 | N29: =INT($L29/480)+1 -> 1 | O29: =INT(($M29-0.0001)/480)+1 -> 14 | P29: =IF(N29>MAX('07_Calendario'!$F$5:$F$82),"Fuera del mes",INDEX('07_Calendario'!$B$5:$B$82,MATCH(N29,'07_Calendario'!$F$5:$F$82,0))) -> 46266 | Q29: =IF(O29>MAX('07_Calendario'!$F$5:$F$82),"Fuera del mes",INDEX('07_Calendario'!$B$5:$B$82,MATCH(O29,'07_Calendario'!$F$5:$F$82,0))) -> 46270 | T29: ='02_Datos_Maestros'!$A$8 -> 3749 | U29: ='02_Datos_Maestros'!$I$8 -> 3278 | V29: =MATCH($U29,$C$15:$C$22,0) -> 7 | W29: =COUNTIFS($U$26:$U$42,$U29,$T$26:$T$42,"<="&$T29) -> 2 | X29: =$V29*100+$W29 -> 702 | Y29: =RANK($X29,$X$26:$X$42,1) -> 10 | Z29: =480-MOD(L29,480) -> 360 | AA29: =INT(ROUND(Z29*H29/480,6)) -> 1107 | AB29: =IF(G29>AA29,MAX(0,Z29-AA29*I29),0) -> 0
A30: 5 | B30: =INDEX($T$26:$T$42,MATCH($A30,$Y$26:$Y$42,0)) -> 15881 | C30: =INDEX('02_Datos_Maestros'!$B$5:$B$21,MATCH($B30,'02_Datos_Maestros'!$A$5:$A$21,0)) -> SALSA DE TOMATE SAVORIA (12DP/1/500g) | D30: =INDEX('02_Datos_Maestros'!$I$5:$I$21,MATCH($B30,'02_Datos_Maestros'!$A$5:$A$21,0)) -> 5998 | E30: =IF($A30=1,"—",$B29) -> 5998 | F30: =IF($A30=1,0,INDEX('04_Matriz_Cambios'!$B$6:$R$22,MATCH($E30,'04_Matriz_Cambios'!$A$6:$A$22,0),MATCH($B30,'04_Matriz_Cambios'!$B$5:$R$5,0))) -> 0 | G30: =INDEX('03_Demanda_ABC'!$C$5:$C$21,MATCH($B30,'03_Demanda_ABC'!$A$5:$A$21,0)) -> 3540 | H30: =INDEX('02_Datos_Maestros'!$F$5:$F$21,MATCH($B30,'02_Datos_Maestros'!$A$5:$A$21,0)) -> 1476 | I30: =480/$H30 -> 0.32520325 | J30: =$G30*$I30 -> 1151.2195 | K30: =0 -> 0 | L30: =SUM(K30,F30) -> 0 | M30: =L30+J30+AB30 -> 1151.2195 | N30: =INT($L30/480)+1 -> 1 | O30: =INT(($M30-0.0001)/480)+1 -> 3 | P30: =IF(N30>MAX('07_Calendario'!$F$5:$F$82),"Fuera del mes",INDEX('07_Calendario'!$B$5:$B$82,MATCH(N30,'07_Calendario'!$F$5:$F$82,0))) -> 46266 | Q30: =IF(O30>MAX('07_Calendario'!$F$5:$F$82),"Fuera del mes",INDEX('07_Calendario'!$B$5:$B$82,MATCH(O30,'07_Calendario'!$F$5:$F$82,0))) -> 46266 | T30: ='02_Datos_Maestros'!$A$9 -> 3757 | U30: ='02_Datos_Maestros'!$I$9 -> 3757 | V30: =MATCH($U30,$C$15:$C$22,0) -> 8 | W30: =COUNTIFS($U$26:$U$42,$U30,$T$26:$T$42,"<="&$T30) -> 1 | X30: =$V30*100+$W30 -> 801 | Y30: =RANK($X30,$X$26:$X$42,1) -> 15 | Z30: =480-MOD(L30,480) -> 480 | AA30: =INT(ROUND(Z30*H30/480,6)) -> 1476 | AB30: =IF(G30>AA30,MAX(0,Z30-AA30*I30),0) -> 0
A31: 6 | B31: =INDEX($T$26:$T$42,MATCH($A31,$Y$26:$Y$42,0)) -> 16787 | C31: =INDEX('02_Datos_Maestros'!$B$5:$B$21,MATCH($B31,'02_Datos_Maestros'!$A$5:$A$21,0)) -> SALSA DE TOMATE SAVORIA (12DP/1/1000g) | D31: =INDEX('02_Datos_Maestros'!$I$5:$I$21,MATCH($B31,'02_Datos_Maestros'!$A$5:$A$21,0)) -> 5998 | E31: =IF($A31=1,"—",$B30) -> 15881 | F31: =IF($A31=1,0,INDEX('04_Matriz_Cambios'!$B$6:$R$22,MATCH($E31,'04_Matriz_Cambios'!$A$6:$A$22,0),MATCH($B31,'04_Matriz_Cambios'!$B$5:$R$5,0))) -> 0 | G31: =INDEX('03_Demanda_ABC'!$C$5:$C$21,MATCH($B31,'03_Demanda_ABC'!$A$5:$A$21,0)) -> 1000 | H31: =INDEX('02_Datos_Maestros'!$F$5:$F$21,MATCH($B31,'02_Datos_Maestros'!$A$5:$A$21,0)) -> 1686 | I31: =480/$H31 -> 0.28469751 | J31: =$G31*$I31 -> 284.69751 | K31: =0 -> 0 | L31: =SUM(K31,F31) -> 0 | M31: =L31+J31+AB31 -> 284.69751 | N31: =INT($L31/480)+1 -> 1 | O31: =INT(($M31-0.0001)/480)+1 -> 1 | P31: =IF(N31>MAX('07_Calendario'!$F$5:$F$82),"Fuera del mes",INDEX('07_Calendario'!$B$5:$B$82,MATCH(N31,'07_Calendario'!$F$5:$F$82,0))) -> 46266 | Q31: =IF(O31>MAX('07_Calendario'!$F$5:$F$82),"Fuera del mes",INDEX('07_Calendario'!$B$5:$B$82,MATCH(O31,'07_Calendario'!$F$5:$F$82,0))) -> 46266 | T31: ='02_Datos_Maestros'!$A$10 -> 3925 | U31: ='02_Datos_Maestros'!$I$10 -> 3757 | V31: =MATCH($U31,$C$15:$C$22,0) -> 8 | W31: =COUNTIFS($U$26:$U$42,$U31,$T$26:$T$42,"<="&$T31) -> 2 | X31: =$V31*100+$W31 -> 802 | Y31: =RANK($X31,$X$26:$X$42,1) -> 16 | Z31: =480-MOD(L31,480) -> 480 | AA31: =INT(ROUND(Z31*H31/480,6)) -> 1686 | AB31: =IF(G31>AA31,MAX(0,Z31-AA31*I31),0) -> 0
A32: 7 | B32: =INDEX($T$26:$T$42,MATCH($A32,$Y$26:$Y$42,0)) -> 6743 | C32: =INDEX('02_Datos_Maestros'!$B$5:$B$21,MATCH($B32,'02_Datos_Maestros'!$A$5:$A$21,0)) -> SALSA DE PIÑA (12DP/1/400g) | D32: =INDEX('02_Datos_Maestros'!$I$5:$I$21,MATCH($B32,'02_Datos_Maestros'!$A$5:$A$21,0)) -> 6743 | E32: =IF($A32=1,"—",$B31) -> 16787 | F32: =IF($A32=1,0,INDEX('04_Matriz_Cambios'!$B$6:$R$22,MATCH($E32,'04_Matriz_Cambios'!$A$6:$A$22,0),MATCH($B32,'04_Matriz_Cambios'!$B$5:$R$5,0))) -> 120 | G32: =INDEX('03_Demanda_ABC'!$C$5:$C$21,MATCH($B32,'03_Demanda_ABC'!$A$5:$A$21,0)) -> 2754 | H32: =INDEX('02_Datos_Maestros'!$F$5:$F$21,MATCH($B32,'02_Datos_Maestros'!$A$5:$A$21,0)) -> 1502 | I32: =480/$H32 -> 0.3195739 | J32: =$G32*$I32 -> 880.10652 | K32: =0 -> 0 | L32: =SUM(K32,F32) -> 120 | M32: =L32+J32+AB32 -> 1000.2663 | N32: =INT($L32/480)+1 -> 1 | O32: =INT(($M32-0.0001)/480)+1 -> 3 | P32: =IF(N32>MAX('07_Calendario'!$F$5:$F$82),"Fuera del mes",INDEX('07_Calendario'!$B$5:$B$82,MATCH(N32,'07_Calendario'!$F$5:$F$82,0))) -> 46266 | Q32: =IF(O32>MAX('07_Calendario'!$F$5:$F$82),"Fuera del mes",INDEX('07_Calendario'!$B$5:$B$82,MATCH(O32,'07_Calendario'!$F$5:$F$82,0))) -> 46266 | T32: ='02_Datos_Maestros'!$A$11 -> 5998 | U32: ='02_Datos_Maestros'!$I$11 -> 5998 | V32: =MATCH($U32,$C$15:$C$22,0) -> 4 | W32: =COUNTIFS($U$26:$U$42,$U32,$T$26:$T$42,"<="&$T32) -> 1 | X32: =$V32*100+$W32 -> 401 | Y32: =RANK($X32,$X$26:$X$42,1) -> 4 | Z32: =480-MOD(L32,480) -> 360 | AA32: =INT(ROUND(Z32*H32/480,6)) -> 1126 | AB32: =IF(G32>AA32,MAX(0,Z32-AA32*I32),0) -> 0.15978695
A33: 8 | B33: =INDEX($T$26:$T$42,MATCH($A33,$Y$26:$Y$42,0)) -> 6639 | C33: =INDEX('02_Datos_Maestros'!$B$5:$B$21,MATCH($B33,'02_Datos_Maestros'!$A$5:$A$21,0)) -> SALSA BARBECUE (12DP/1/400g) | D33: =INDEX('02_Datos_Maestros'!$I$5:$I$21,MATCH($B33,'02_Datos_Maestros'!$A$5:$A$21,0)) -> 6639 | E33: =IF($A33=1,"—",$B32) -> 6743 | F33: =IF($A33=1,0,INDEX('04_Matriz_Cambios'!$B$6:$R$22,MATCH($E33,'04_Matriz_Cambios'!$A$6:$A$22,0),MATCH($B33,'04_Matriz_Cambios'!$B$5:$R$5,0))) -> 120 | G33: =INDEX('03_Demanda_ABC'!$C$5:$C$21,MATCH($B33,'03_Demanda_ABC'!$A$5:$A$21,0)) -> 2900 | H33: =INDEX('02_Datos_Maestros'!$F$5:$F$21,MATCH($B33,'02_Datos_Maestros'!$A$5:$A$21,0)) -> 2493 | I33: =480/$H33 -> 0.19253911 | J33: =$G33*$I33 -> 558.36342 | K33: =0 -> 0 | L33: =SUM(K33,F33) -> 120 | M33: =L33+J33+AB33 -> 678.50782 | N33: =INT($L33/480)+1 -> 1 | O33: =INT(($M33-0.0001)/480)+1 -> 2 | P33: =IF(N33>MAX('07_Calendario'!$F$5:$F$82),"Fuera del mes",INDEX('07_Calendario'!$B$5:$B$82,MATCH(N33,'07_Calendario'!$F$5:$F$82,0))) -> 46266 | Q33: =IF(O33>MAX('07_Calendario'!$F$5:$F$82),"Fuera del mes",INDEX('07_Calendario'!$B$5:$B$82,MATCH(O33,'07_Calendario'!$F$5:$F$82,0))) -> 46266 | T33: ='02_Datos_Maestros'!$A$12 -> 6616 | U33: ='02_Datos_Maestros'!$I$12 -> 3757 | V33: =MATCH($U33,$C$15:$C$22,0) -> 8 | W33: =COUNTIFS($U$26:$U$42,$U33,$T$26:$T$42,"<="&$T33) -> 3 | X33: =$V33*100+$W33 -> 803 | Y33: =RANK($X33,$X$26:$X$42,1) -> 17 | Z33: =480-MOD(L33,480) -> 360 | AA33: =INT(ROUND(Z33*H33/480,6)) -> 1869 | AB33: =IF(G33>AA33,MAX(0,Z33-AA33*I33),0) -> 0.14440433
A34: 9 | B34: =INDEX($T$26:$T$42,MATCH($A34,$Y$26:$Y$42,0)) -> 3278 | C34: =INDEX('02_Datos_Maestros'!$B$5:$B$21,MATCH($B34,'02_Datos_Maestros'!$A$5:$A$21,0)) -> SALSA MAYONESA (12DP/1/380g) | D34: =INDEX('02_Datos_Maestros'!$I$5:$I$21,MATCH($B34,'02_Datos_Maestros'!$A$5:$A$21,0)) -> 3278 | E34: =IF($A34=1,"—",$B33) -> 6639 | F34: =IF($A34=1,0,INDEX('04_Matriz_Cambios'!$B$6:$R$22,MATCH($E34,'04_Matriz_Cambios'!$A$6:$A$22,0),MATCH($B34,'04_Matriz_Cambios'!$B$5:$R$5,0))) -> 120 | G34: =INDEX('03_Demanda_ABC'!$C$5:$C$21,MATCH($B34,'03_Demanda_ABC'!$A$5:$A$21,0)) -> 6206 | H34: =INDEX('02_Datos_Maestros'!$F$5:$F$21,MATCH($B34,'02_Datos_Maestros'!$A$5:$A$21,0)) -> 2460 | I34: =480/$H34 -> 0.19512195 | J34: =$G34*$I34 -> 1210.9268 | K34: =0 -> 0 | L34: =SUM(K34,F34) -> 120 | M34: =L34+J34+AB34 -> 1330.9268 | N34: =INT($L34/480)+1 -> 1 | O34: =INT(($M34-0.0001)/480)+1 -> 3 | P34: =IF(N34>MAX('07_Calendario'!$F$5:$F$82),"Fuera del mes",INDEX('07_Calendario'!$B$5:$B$82,MATCH(N34,'07_Calendario'!$F$5:$F$82,0))) -> 46266 | Q34: =IF(O34>MAX('07_Calendario'!$F$5:$F$82),"Fuera del mes",INDEX('07_Calendario'!$B$5:$B$82,MATCH(O34,'07_Calendario'!$F$5:$F$82,0))) -> 46266 | T34: ='02_Datos_Maestros'!$A$13 -> 6639 | U34: ='02_Datos_Maestros'!$I$13 -> 6639 | V34: =MATCH($U34,$C$15:$C$22,0) -> 6 | W34: =COUNTIFS($U$26:$U$42,$U34,$T$26:$T$42,"<="&$T34) -> 1 | X34: =$V34*100+$W34 -> 601 | Y34: =RANK($X34,$X$26:$X$42,1) -> 8 | Z34: =480-MOD(L34,480) -> 360 | AA34: =INT(ROUND(Z34*H34/480,6)) -> 1845 | AB34: =IF(G34>AA34,MAX(0,Z34-AA34*I34),0) -> 0
A35: 10 | B35: =INDEX($T$26:$T$42,MATCH($A35,$Y$26:$Y$42,0)) -> 3749 | C35: =INDEX('02_Datos_Maestros'!$B$5:$B$21,MATCH($B35,'02_Datos_Maestros'!$A$5:$A$21,0)) -> SALSA MAYONESA (12DP/1/1000g) | D35: =INDEX('02_Datos_Maestros'!$I$5:$I$21,MATCH($B35,'02_Datos_Maestros'!$A$5:$A$21,0)) -> 3278 | E35: =IF($A35=1,"—",$B34) -> 3278 | F35: =IF($A35=1,0,INDEX('04_Matriz_Cambios'!$B$6:$R$22,MATCH($E35,'04_Matriz_Cambios'!$A$6:$A$22,0),MATCH($B35,'04_Matriz_Cambios'!$B$5:$R$5,0))) -> 0 | G35: =INDEX('03_Demanda_ABC'!$C$5:$C$21,MATCH($B35,'03_Demanda_ABC'!$A$5:$A$21,0)) -> 4440 | H35: =INDEX('02_Datos_Maestros'!$F$5:$F$21,MATCH($B35,'02_Datos_Maestros'!$A$5:$A$21,0)) -> 1352 | I35: =480/$H35 -> 0.35502959 | J35: =$G35*$I35 -> 1576.3314 | K35: =0 -> 0 | L35: =SUM(K35,F35) -> 0 | M35: =L35+J35+AB35 -> 1576.3314 | N35: =INT($L35/480)+1 -> 1 | O35: =INT(($M35-0.0001)/480)+1 -> 4 | P35: =IF(N35>MAX('07_Calendario'!$F$5:$F$82),"Fuera del mes",INDEX('07_Calendario'!$B$5:$B$82,MATCH(N35,'07_Calendario'!$F$5:$F$82,0))) -> 46266 | Q35: =IF(O35>MAX('07_Calendario'!$F$5:$F$82),"Fuera del mes",INDEX('07_Calendario'!$B$5:$B$82,MATCH(O35,'07_Calendario'!$F$5:$F$82,0))) -> 46267 | T35: ='02_Datos_Maestros'!$A$14 -> 6743 | U35: ='02_Datos_Maestros'!$I$14 -> 6743 | V35: =MATCH($U35,$C$15:$C$22,0) -> 5 | W35: =COUNTIFS($U$26:$U$42,$U35,$T$26:$T$42,"<="&$T35) -> 1 | X35: =$V35*100+$W35 -> 501 | Y35: =RANK($X35,$X$26:$X$42,1) -> 7 | Z35: =480-MOD(L35,480) -> 480 | AA35: =INT(ROUND(Z35*H35/480,6)) -> 1352 | AB35: =IF(G35>AA35,MAX(0,Z35-AA35*I35),0) -> 0
A36: 11 | B36: =INDEX($T$26:$T$42,MATCH($A36,$Y$26:$Y$42,0)) -> 7590 | C36: =INDEX('02_Datos_Maestros'!$B$5:$B$21,MATCH($B36,'02_Datos_Maestros'!$A$5:$A$21,0)) -> SALSA MAYONESA (12DP/1/600g) | D36: =INDEX('02_Datos_Maestros'!$I$5:$I$21,MATCH($B36,'02_Datos_Maestros'!$A$5:$A$21,0)) -> 3278 | E36: =IF($A36=1,"—",$B35) -> 3749 | F36: =IF($A36=1,0,INDEX('04_Matriz_Cambios'!$B$6:$R$22,MATCH($E36,'04_Matriz_Cambios'!$A$6:$A$22,0),MATCH($B36,'04_Matriz_Cambios'!$B$5:$R$5,0))) -> 0 | G36: =INDEX('03_Demanda_ABC'!$C$5:$C$21,MATCH($B36,'03_Demanda_ABC'!$A$5:$A$21,0)) -> 1496 | H36: =INDEX('02_Datos_Maestros'!$F$5:$F$21,MATCH($B36,'02_Datos_Maestros'!$A$5:$A$21,0)) -> 2001 | I36: =480/$H36 -> 0.23988006 | J36: =$G36*$I36 -> 358.86057 | K36: =0 -> 0 | L36: =SUM(K36,F36) -> 0 | M36: =L36+J36+AB36 -> 358.86057 | N36: =INT($L36/480)+1 -> 1 | O36: =INT(($M36-0.0001)/480)+1 -> 1 | P36: =IF(N36>MAX('07_Calendario'!$F$5:$F$82),"Fuera del mes",INDEX('07_Calendario'!$B$5:$B$82,MATCH(N36,'07_Calendario'!$F$5:$F$82,0))) -> 46266 | Q36: =IF(O36>MAX('07_Calendario'!$F$5:$F$82),"Fuera del mes",INDEX('07_Calendario'!$B$5:$B$82,MATCH(O36,'07_Calendario'!$F$5:$F$82,0))) -> 46266 | T36: ='02_Datos_Maestros'!$A$15 -> 7590 | U36: ='02_Datos_Maestros'!$I$15 -> 3278 | V36: =MATCH($U36,$C$15:$C$22,0) -> 7 | W36: =COUNTIFS($U$26:$U$42,$U36,$T$26:$T$42,"<="&$T36) -> 3 | X36: =$V36*100+$W36 -> 703 | Y36: =RANK($X36,$X$26:$X$42,1) -> 11 | Z36: =480-MOD(L36,480) -> 480 | AA36: =INT(ROUND(Z36*H36/480,6)) -> 2001 | AB36: =IF(G36>AA36,MAX(0,Z36-AA36*I36),0) -> 0
A37: 12 | B37: =INDEX($T$26:$T$42,MATCH($A37,$Y$26:$Y$42,0)) -> 15795 | C37: =INDEX('02_Datos_Maestros'!$B$5:$B$21,MATCH($B37,'02_Datos_Maestros'!$A$5:$A$21,0)) -> SALSA MAYONESA-V(12DP/1/380g) | D37: =INDEX('02_Datos_Maestros'!$I$5:$I$21,MATCH($B37,'02_Datos_Maestros'!$A$5:$A$21,0)) -> 3278 | E37: =IF($A37=1,"—",$B36) -> 7590 | F37: =IF($A37=1,0,INDEX('04_Matriz_Cambios'!$B$6:$R$22,MATCH($E37,'04_Matriz_Cambios'!$A$6:$A$22,0),MATCH($B37,'04_Matriz_Cambios'!$B$5:$R$5,0))) -> 0 | G37: =INDEX('03_Demanda_ABC'!$C$5:$C$21,MATCH($B37,'03_Demanda_ABC'!$A$5:$A$21,0)) -> 1284 | H37: =INDEX('02_Datos_Maestros'!$F$5:$F$21,MATCH($B37,'02_Datos_Maestros'!$A$5:$A$21,0)) -> 2001 | I37: =480/$H37 -> 0.23988006 | J37: =$G37*$I37 -> 308.006 | K37: =0 -> 0 | L37: =SUM(K37,F37) -> 0 | M37: =L37+J37+AB37 -> 308.006 | N37: =INT($L37/480)+1 -> 1 | O37: =INT(($M37-0.0001)/480)+1 -> 1 | P37: =IF(N37>MAX('07_Calendario'!$F$5:$F$82),"Fuera del mes",INDEX('07_Calendario'!$B$5:$B$82,MATCH(N37,'07_Calendario'!$F$5:$F$82,0))) -> 46266 | Q37: =IF(O37>MAX('07_Calendario'!$F$5:$F$82),"Fuera del mes",INDEX('07_Calendario'!$B$5:$B$82,MATCH(O37,'07_Calendario'!$F$5:$F$82,0))) -> 46266 | T37: ='02_Datos_Maestros'!$A$16 -> 15564 | U37: ='02_Datos_Maestros'!$I$16 -> 15564 | V37: =MATCH($U37,$C$15:$C$22,0) -> 3 | W37: =COUNTIFS($U$26:$U$42,$U37,$T$26:$T$42,"<="&$T37) -> 1 | X37: =$V37*100+$W37 -> 301 | Y37: =RANK($X37,$X$26:$X$42,1) -> 3 | Z37: =480-MOD(L37,480) -> 480 | AA37: =INT(ROUND(Z37*H37/480,6)) -> 2001 | AB37: =IF(G37>AA37,MAX(0,Z37-AA37*I37),0) -> 0
A38: 13 | B38: =INDEX($T$26:$T$42,MATCH($A38,$Y$26:$Y$42,0)) -> 16816 | C38: =INDEX('02_Datos_Maestros'!$B$5:$B$21,MATCH($B38,'02_Datos_Maestros'!$A$5:$A$21,0)) -> SALSA DE MAYONESA ZEV (24DP/1/400G) | D38: =INDEX('02_Datos_Maestros'!$I$5:$I$21,MATCH($B38,'02_Datos_Maestros'!$A$5:$A$21,0)) -> 3278 | E38: =IF($A38=1,"—",$B37) -> 15795 | F38: =IF($A38=1,0,INDEX('04_Matriz_Cambios'!$B$6:$R$22,MATCH($E38,'04_Matriz_Cambios'!$A$6:$A$22,0),MATCH($B38,'04_Matriz_Cambios'!$B$5:$R$5,0))) -> 0 | G38: =INDEX('03_Demanda_ABC'!$C$5:$C$21,MATCH($B38,'03_Demanda_ABC'!$A$5:$A$21,0)) -> 19200 | H38: =INDEX('02_Datos_Maestros'!$F$5:$F$21,MATCH($B38,'02_Datos_Maestros'!$A$5:$A$21,0)) -> 1200 | I38: =480/$H38 -> 0.4 | J38: =$G38*$I38 -> 7680 | K38: =0 -> 0 | L38: =SUM(K38,F38) -> 0 | M38: =L38+J38+AB38 -> 7680 | N38: =INT($L38/480)+1 -> 1 | O38: =INT(($M38-0.0001)/480)+1 -> 16 | P38: =IF(N38>MAX('07_Calendario'!$F$5:$F$82),"Fuera del mes",INDEX('07_Calendario'!$B$5:$B$82,MATCH(N38,'07_Calendario'!$F$5:$F$82,0))) -> 46266 | Q38: =IF(O38>MAX('07_Calendario'!$F$5:$F$82),"Fuera del mes",INDEX('07_Calendario'!$B$5:$B$82,MATCH(O38,'07_Calendario'!$F$5:$F$82,0))) -> 46272 | T38: ='02_Datos_Maestros'!$A$17 -> 15795 | U38: ='02_Datos_Maestros'!$I$17 -> 3278 | V38: =MATCH($U38,$C$15:$C$22,0) -> 7 | W38: =COUNTIFS($U$26:$U$42,$U38,$T$26:$T$42,"<="&$T38) -> 4 | X38: =$V38*100+$W38 -> 704 | Y38: =RANK($X38,$X$26:$X$42,1) -> 12 | Z38: =480-MOD(L38,480) -> 480 | AA38: =INT(ROUND(Z38*H38/480,6)) -> 1200 | AB38: =IF(G38>AA38,MAX(0,Z38-AA38*I38),0) -> 0
A39: 14 | B39: =INDEX($T$26:$T$42,MATCH($A39,$Y$26:$Y$42,0)) -> 17246 | C39: =INDEX('02_Datos_Maestros'!$B$5:$B$21,MATCH($B39,'02_Datos_Maestros'!$A$5:$A$21,0)) -> SALSA DE MAYONESA LINE (21DP/1/500G) | D39: =INDEX('02_Datos_Maestros'!$I$5:$I$21,MATCH($B39,'02_Datos_Maestros'!$A$5:$A$21,0)) -> 3278 | E39: =IF($A39=1,"—",$B38) -> 16816 | F39: =IF($A39=1,0,INDEX('04_Matriz_Cambios'!$B$6:$R$22,MATCH($E39,'04_Matriz_Cambios'!$A$6:$A$22,0),MATCH($B39,'04_Matriz_Cambios'!$B$5:$R$5,0))) -> 0 | G39: =INDEX('03_Demanda_ABC'!$C$5:$C$21,MATCH($B39,'03_Demanda_ABC'!$A$5:$A$21,0)) -> 7200 | H39: =INDEX('02_Datos_Maestros'!$F$5:$F$21,MATCH($B39,'02_Datos_Maestros'!$A$5:$A$21,0)) -> 1144 | I39: =480/$H39 -> 0.41958042 | J39: =$G39*$I39 -> 3020.979 | K39: =0 -> 0 | L39: =SUM(K39,F39) -> 0 | M39: =L39+J39+AB39 -> 3020.979 | N39: =INT($L39/480)+1 -> 1 | O39: =INT(($M39-0.0001)/480)+1 -> 7 | P39: =IF(N39>MAX('07_Calendario'!$F$5:$F$82),"Fuera del mes",INDEX('07_Calendario'!$B$5:$B$82,MATCH(N39,'07_Calendario'!$F$5:$F$82,0))) -> 46266 | Q39: =IF(O39>MAX('07_Calendario'!$F$5:$F$82),"Fuera del mes",INDEX('07_Calendario'!$B$5:$B$82,MATCH(O39,'07_Calendario'!$F$5:$F$82,0))) -> 46268 | T39: ='02_Datos_Maestros'!$A$18 -> 15881 | U39: ='02_Datos_Maestros'!$I$18 -> 5998 | V39: =MATCH($U39,$C$15:$C$22,0) -> 4 | W39: =COUNTIFS($U$26:$U$42,$U39,$T$26:$T$42,"<="&$T39) -> 2 | X39: =$V39*100+$W39 -> 402 | Y39: =RANK($X39,$X$26:$X$42,1) -> 5 | Z39: =480-MOD(L39,480) -> 480 | AA39: =INT(ROUND(Z39*H39/480,6)) -> 1144 | AB39: =IF(G39>AA39,MAX(0,Z39-AA39*I39),0) -> 0
A40: 15 | B40: =INDEX($T$26:$T$42,MATCH($A40,$Y$26:$Y$42,0)) -> 3757 | C40: =INDEX('02_Datos_Maestros'!$B$5:$B$21,MATCH($B40,'02_Datos_Maestros'!$A$5:$A$21,0)) -> MOSTANEZA (12DP/1/380g) | D40: =INDEX('02_Datos_Maestros'!$I$5:$I$21,MATCH($B40,'02_Datos_Maestros'!$A$5:$A$21,0)) -> 3757 | E40: =IF($A40=1,"—",$B39) -> 17246 | F40: =IF($A40=1,0,INDEX('04_Matriz_Cambios'!$B$6:$R$22,MATCH($E40,'04_Matriz_Cambios'!$A$6:$A$22,0),MATCH($B40,'04_Matriz_Cambios'!$B$5:$R$5,0))) -> 120 | G40: =INDEX('03_Demanda_ABC'!$C$5:$C$21,MATCH($B40,'03_Demanda_ABC'!$A$5:$A$21,0)) -> 3600 | H40: =INDEX('02_Datos_Maestros'!$F$5:$F$21,MATCH($B40,'02_Datos_Maestros'!$A$5:$A$21,0)) -> 2444 | I40: =480/$H40 -> 0.19639935 | J40: =$G40*$I40 -> 707.03764 | K40: =0 -> 0 | L40: =SUM(K40,F40) -> 120 | M40: =L40+J40+AB40 -> 827.03764 | N40: =INT($L40/480)+1 -> 1 | O40: =INT(($M40-0.0001)/480)+1 -> 2 | P40: =IF(N40>MAX('07_Calendario'!$F$5:$F$82),"Fuera del mes",INDEX('07_Calendario'!$B$5:$B$82,MATCH(N40,'07_Calendario'!$F$5:$F$82,0))) -> 46266 | Q40: =IF(O40>MAX('07_Calendario'!$F$5:$F$82),"Fuera del mes",INDEX('07_Calendario'!$B$5:$B$82,MATCH(O40,'07_Calendario'!$F$5:$F$82,0))) -> 46266 | T40: ='02_Datos_Maestros'!$A$19 -> 16787 | U40: ='02_Datos_Maestros'!$I$19 -> 5998 | V40: =MATCH($U40,$C$15:$C$22,0) -> 4 | W40: =COUNTIFS($U$26:$U$42,$U40,$T$26:$T$42,"<="&$T40) -> 3 | X40: =$V40*100+$W40 -> 403 | Y40: =RANK($X40,$X$26:$X$42,1) -> 6 | Z40: =480-MOD(L40,480) -> 360 | AA40: =INT(ROUND(Z40*H40/480,6)) -> 1833 | AB40: =IF(G40>AA40,MAX(0,Z40-AA40*I40),0) -> 0
A41: 16 | B41: =INDEX($T$26:$T$42,MATCH($A41,$Y$26:$Y$42,0)) -> 3925 | C41: =INDEX('02_Datos_Maestros'!$B$5:$B$21,MATCH($B41,'02_Datos_Maestros'!$A$5:$A$21,0)) -> MOSTANEZA AJO (12DP/1/380g) | D41: =INDEX('02_Datos_Maestros'!$I$5:$I$21,MATCH($B41,'02_Datos_Maestros'!$A$5:$A$21,0)) -> 3757 | E41: =IF($A41=1,"—",$B40) -> 3757 | F41: =IF($A41=1,0,INDEX('04_Matriz_Cambios'!$B$6:$R$22,MATCH($E41,'04_Matriz_Cambios'!$A$6:$A$22,0),MATCH($B41,'04_Matriz_Cambios'!$B$5:$R$5,0))) -> 0 | G41: =INDEX('03_Demanda_ABC'!$C$5:$C$21,MATCH($B41,'03_Demanda_ABC'!$A$5:$A$21,0)) -> 1819 | H41: =INDEX('02_Datos_Maestros'!$F$5:$F$21,MATCH($B41,'02_Datos_Maestros'!$A$5:$A$21,0)) -> 2437 | I41: =480/$H41 -> 0.19696348 | J41: =$G41*$I41 -> 358.27657 | K41: =0 -> 0 | L41: =SUM(K41,F41) -> 0 | M41: =L41+J41+AB41 -> 358.27657 | N41: =INT($L41/480)+1 -> 1 | O41: =INT(($M41-0.0001)/480)+1 -> 1 | P41: =IF(N41>MAX('07_Calendario'!$F$5:$F$82),"Fuera del mes",INDEX('07_Calendario'!$B$5:$B$82,MATCH(N41,'07_Calendario'!$F$5:$F$82,0))) -> 46266 | Q41: =IF(O41>MAX('07_Calendario'!$F$5:$F$82),"Fuera del mes",INDEX('07_Calendario'!$B$5:$B$82,MATCH(O41,'07_Calendario'!$F$5:$F$82,0))) -> 46266 | T41: ='02_Datos_Maestros'!$A$20 -> 16816 | U41: ='02_Datos_Maestros'!$I$20 -> 3278 | V41: =MATCH($U41,$C$15:$C$22,0) -> 7 | W41: =COUNTIFS($U$26:$U$42,$U41,$T$26:$T$42,"<="&$T41) -> 5 | X41: =$V41*100+$W41 -> 705 | Y41: =RANK($X41,$X$26:$X$42,1) -> 13 | Z41: =480-MOD(L41,480) -> 480 | AA41: =INT(ROUND(Z41*H41/480,6)) -> 2437 | AB41: =IF(G41>AA41,MAX(0,Z41-AA41*I41),0) -> 0
A42: 17 | B42: =INDEX($T$26:$T$42,MATCH($A42,$Y$26:$Y$42,0)) -> 6616 | C42: =INDEX('02_Datos_Maestros'!$B$5:$B$21,MATCH($B42,'02_Datos_Maestros'!$A$5:$A$21,0)) -> MOSTANEZA DEL RANCHO (12DP/1/380g) | D42: =INDEX('02_Datos_Maestros'!$I$5:$I$21,MATCH($B42,'02_Datos_Maestros'!$A$5:$A$21,0)) -> 3757 | E42: =IF($A42=1,"—",$B41) -> 3925 | F42: =IF($A42=1,0,INDEX('04_Matriz_Cambios'!$B$6:$R$22,MATCH($E42,'04_Matriz_Cambios'!$A$6:$A$22,0),MATCH($B42,'04_Matriz_Cambios'!$B$5:$R$5,0))) -> 0 | G42: =INDEX('03_Demanda_ABC'!$C$5:$C$21,MATCH($B42,'03_Demanda_ABC'!$A$5:$A$21,0)) -> 1712 | H42: =INDEX('02_Datos_Maestros'!$F$5:$F$21,MATCH($B42,'02_Datos_Maestros'!$A$5:$A$21,0)) -> 2444 | I42: =480/$H42 -> 0.19639935 | J42: =$G42*$I42 -> 336.23568 | K42: =0 -> 0 | L42: =SUM(K42,F42) -> 0 | M42: =L42+J42+AB42 -> 336.23568 | N42: =INT($L42/480)+1 -> 1 | O42: =INT(($M42-0.0001)/480)+1 -> 1 | P42: =IF(N42>MAX('07_Calendario'!$F$5:$F$82),"Fuera del mes",INDEX('07_Calendario'!$B$5:$B$82,MATCH(N42,'07_Calendario'!$F$5:$F$82,0))) -> 46266 | Q42: =IF(O42>MAX('07_Calendario'!$F$5:$F$82),"Fuera del mes",INDEX('07_Calendario'!$B$5:$B$82,MATCH(O42,'07_Calendario'!$F$5:$F$82,0))) -> 46266 | T42: ='02_Datos_Maestros'!$A$21 -> 17246 | U42: ='02_Datos_Maestros'!$I$21 -> 3278 | V42: =MATCH($U42,$C$15:$C$22,0) -> 7 | W42: =COUNTIFS($U$26:$U$42,$U42,$T$26:$T$42,"<="&$T42) -> 6 | X42: =$V42*100+$W42 -> 706 | Y42: =RANK($X42,$X$26:$X$42,1) -> 14 | Z42: =480-MOD(L42,480) -> 480 | AA42: =INT(ROUND(Z42*H42/480,6)) -> 2444 | AB42: =IF(G42>AA42,MAX(0,Z42-AA42*I42),0) -> 0
C43: TOTAL | F43: =SUM(F26:F42) -> 840 | G43: =SUM(G26:G42) -> 86331 | J43: =SUM(J26:J42) -> 27819.625 | AB43: =SUM(AB26:AB42) -> 0.30419128

Sheet 07_Calendario
A1: MALLA DE TURNOS — SEPTIEMBRE 2026
A2: Régimen base: lunes a viernes 3 turnos de 8 h; sábado 2 turnos; domingo no se opera. Las fechas se generan por fórmula: si cambia el mes, la malla se reconstruye sola.
A4: N° | B4: Fecha | C4: Día | D4: Turno del día | E4: ¿Hábil? | F4: N° turno global | G4: Min inicio (acum.) | H4: Min fin (acum.)
A5: 1 | B5: =DATE(2026,9,1)+0 -> 46266 | C5: =CHOOSE(WEEKDAY(B5,2),"Lunes","Martes","Miércoles","Jueves","Viernes","Sábado","Domingo") -> Martes | D5: =MOD(0,3)+1 -> 1 | E5: =IF(AND(WEEKDAY($B5,2)=6,$D5=3),0,1) -> 1 | F5: =IF($E5=0,"",SUM($E$5:$E5)) -> 1 | G5: =IF($E5=0,"",($F5-1)*480) -> 0 | H5: =IF($E5=0,"",$F5*480) -> 480
A6: 2 | B6: =DATE(2026,9,1)+0 -> 46266 | C6: =CHOOSE(WEEKDAY(B6,2),"Lunes","Martes","Miércoles","Jueves","Viernes","Sábado","Domingo") -> Martes | D6: =MOD(1,3)+1 -> 2 | E6: =IF(AND(WEEKDAY($B6,2)=6,$D6=3),0,1) -> 1 | F6: =IF($E6=0,"",SUM($E$5:$E6)) -> 2 | G6: =IF($E6=0,"",($F6-1)*480) -> 480 | H6: =IF($E6=0,"",$F6*480) -> 960
A7: 3 | B7: =DATE(2026,9,1)+0 -> 46266 | C7: =CHOOSE(WEEKDAY(B7,2),"Lunes","Martes","Miércoles","Jueves","Viernes","Sábado","Domingo") -> Martes | D7: =MOD(2,3)+1 -> 3 | E7: =IF(AND(WEEKDAY($B7,2)=6,$D7=3),0,1) -> 1 | F7: =IF($E7=0,"",SUM($E$5:$E7)) -> 3 | G7: =IF($E7=0,"",($F7-1)*480) -> 960 | H7: =IF($E7=0,"",$F7*480) -> 1440
A8: 4 | B8: =DATE(2026,9,1)+1 -> 46267 | C8: =CHOOSE(WEEKDAY(B8,2),"Lunes","Martes","Miércoles","Jueves","Viernes","Sábado","Domingo") -> Miércoles | D8: =MOD(3,3)+1 -> 1 | E8: =IF(AND(WEEKDAY($B8,2)=6,$D8=3),0,1) -> 1 | F8: =IF($E8=0,"",SUM($E$5:$E8)) -> 4 | G8: =IF($E8=0,"",($F8-1)*480) -> 1440 | H8: =IF($E8=0,"",$F8*480) -> 1920
A9: 5 | B9: =DATE(2026,9,1)+1 -> 46267 | C9: =CHOOSE(WEEKDAY(B9,2),"Lunes","Martes","Miércoles","Jueves","Viernes","Sábado","Domingo") -> Miércoles | D9: =MOD(4,3)+1 -> 2 | E9: =IF(AND(WEEKDAY($B9,2)=6,$D9=3),0,1) -> 1 | F9: =IF($E9=0,"",SUM($E$5:$E9)) -> 5 | G9: =IF($E9=0,"",($F9-1)*480) -> 1920 | H9: =IF($E9=0,"",$F9*480) -> 2400
A10: 6 | B10: =DATE(2026,9,1)+1 -> 46267 | C10: =CHOOSE(WEEKDAY(B10,2),"Lunes","Martes","Miércoles","Jueves","Viernes","Sábado","Domingo") -> Miércoles | D10: =MOD(5,3)+1 -> 3 | E10: =IF(AND(WEEKDAY($B10,2)=6,$D10=3),0,1) -> 1 | F10: =IF($E10=0,"",SUM($E$5:$E10)) -> 6 | G10: =IF($E10=0,"",($F10-1)*480) -> 2400 | H10: =IF($E10=0,"",$F10*480) -> 2880
A11: 7 | B11: =DATE(2026,9,1)+2 -> 46268 | C11: =CHOOSE(WEEKDAY(B11,2),"Lunes","Martes","Miércoles","Jueves","Viernes","Sábado","Domingo") -> Jueves | D11: =MOD(6,3)+1 -> 1 | E11: =IF(AND(WEEKDAY($B11,2)=6,$D11=3),0,1) -> 1 | F11: =IF($E11=0,"",SUM($E$5:$E11)) -> 7 | G11: =IF($E11=0,"",($F11-1)*480) -> 2880 | H11: =IF($E11=0,"",$F11*480) -> 3360
A12: 8 | B12: =DATE(2026,9,1)+2 -> 46268 | C12: =CHOOSE(WEEKDAY(B12,2),"Lunes","Martes","Miércoles","Jueves","Viernes","Sábado","Domingo") -> Jueves | D12: =MOD(7,3)+1 -> 2 | E12: =IF(AND(WEEKDAY($B12,2)=6,$D12=3),0,1) -> 1 | F12: =IF($E12=0,"",SUM($E$5:$E12)) -> 8 | G12: =IF($E12=0,"",($F12-1)*480) -> 3360 | H12: =IF($E12=0,"",$F12*480) -> 3840
A13: 9 | B13: =DATE(2026,9,1)+2 -> 46268 | C13: =CHOOSE(WEEKDAY(B13,2),"Lunes","Martes","Miércoles","Jueves","Viernes","Sábado","Domingo") -> Jueves | D13: =MOD(8,3)+1 -> 3 | E13: =IF(AND(WEEKDAY($B13,2)=6,$D13=3),0,1) -> 1 | F13: =IF($E13=0,"",SUM($E$5:$E13)) -> 9 | G13: =IF($E13=0,"",($F13-1)*480) -> 3840 | H13: =IF($E13=0,"",$F13*480) -> 4320
A14: 10 | B14: =DATE(2026,9,1)+3 -> 46269 | C14: =CHOOSE(WEEKDAY(B14,2),"Lunes","Martes","Miércoles","Jueves","Viernes","Sábado","Domingo") -> Viernes | D14: =MOD(9,3)+1 -> 1 | E14: =IF(AND(WEEKDAY($B14,2)=6,$D14=3),0,1) -> 1 | F14: =IF($E14=0,"",SUM($E$5:$E14)) -> 10 | G14: =IF($E14=0,"",($F14-1)*480) -> 4320 | H14: =IF($E14=0,"",$F14*480) -> 4800
A15: 11 | B15: =DATE(2026,9,1)+3 -> 46269 | C15: =CHOOSE(WEEKDAY(B15,2),"Lunes","Martes","Miércoles","Jueves","Viernes","Sábado","Domingo") -> Viernes | D15: =MOD(10,3)+1 -> 2 | E15: =IF(AND(WEEKDAY($B15,2)=6,$D15=3),0,1) -> 1 | F15: =IF($E15=0,"",SUM($E$5:$E15)) -> 11 | G15: =IF($E15=0,"",($F15-1)*480) -> 4800 | H15: =IF($E15=0,"",$F15*480) -> 5280
A16: 12 | B16: =DATE(2026,9,1)+3 -> 46269 | C16: =CHOOSE(WEEKDAY(B16,2),"Lunes","Martes","Miércoles","Jueves","Viernes","Sábado","Domingo") -> Viernes | D16: =MOD(11,3)+1 -> 3 | E16: =IF(AND(WEEKDAY($B16,2)=6,$D16=3),0,1) -> 1 | F16: =IF($E16=0,"",SUM($E$5:$E16)) -> 12 | G16: =IF($E16=0,"",($F16-1)*480) -> 5280 | H16: =IF($E16=0,"",$F16*480) -> 5760
A17: 13 | B17: =DATE(2026,9,1)+4 -> 46270 | C17: =CHOOSE(WEEKDAY(B17,2),"Lunes","Martes","Miércoles","Jueves","Viernes","Sábado","Domingo") -> Sábado | D17: =MOD(12,3)+1 -> 1 | E17: =IF(AND(WEEKDAY($B17,2)=6,$D17=3),0,1) -> 1 | F17: =IF($E17=0,"",SUM($E$5:$E17)) -> 13 | G17: =IF($E17=0,"",($F17-1)*480) -> 5760 | H17: =IF($E17=0,"",$F17*480) -> 6240
A18: 14 | B18: =DATE(2026,9,1)+4 -> 46270 | C18: =CHOOSE(WEEKDAY(B18,2),"Lunes","Martes","Miércoles","Jueves","Viernes","Sábado","Domingo") -> Sábado | D18: =MOD(13,3)+1 -> 2 | E18: =IF(AND(WEEKDAY($B18,2)=6,$D18=3),0,1) -> 1 | F18: =IF($E18=0,"",SUM($E$5:$E18)) -> 14 | G18: =IF($E18=0,"",($F18-1)*480) -> 6240 | H18: =IF($E18=0,"",$F18*480) -> 6720
A19: 15 | B19: =DATE(2026,9,1)+4 -> 46270 | C19: =CHOOSE(WEEKDAY(B19,2),"Lunes","Martes","Miércoles","Jueves","Viernes","Sábado","Domingo") -> Sábado | D19: =MOD(14,3)+1 -> 3 | E19: =IF(AND(WEEKDAY($B19,2)=6,$D19=3),0,1) -> 0 | F19: =IF($E19=0,"",SUM($E$5:$E19)) | G19: =IF($E19=0,"",($F19-1)*480) | H19: =IF($E19=0,"",$F19*480)
A20: 16 | B20: =DATE(2026,9,1)+6 -> 46272 | C20: =CHOOSE(WEEKDAY(B20,2),"Lunes","Martes","Miércoles","Jueves","Viernes","Sábado","Domingo") -> Lunes | D20: =MOD(15,3)+1 -> 1 | E20: =IF(AND(WEEKDAY($B20,2)=6,$D20=3),0,1) -> 1 | F20: =IF($E20=0,"",SUM($E$5:$E20)) -> 15 | G20: =IF($E20=0,"",($F20-1)*480) -> 6720 | H20: =IF($E20=0,"",$F20*480) -> 7200
A21: 17 | B21: =DATE(2026,9,1)+6 -> 46272 | C21: =CHOOSE(WEEKDAY(B21,2),"Lunes","Martes","Miércoles","Jueves","Viernes","Sábado","Domingo") -> Lunes | D21: =MOD(16,3)+1 -> 2 | E21: =IF(AND(WEEKDAY($B21,2)=6,$D21=3),0,1) -> 1 | F21: =IF($E21=0,"",SUM($E$5:$E21)) -> 16 | G21: =IF($E21=0,"",($F21-1)*480) -> 7200 | H21: =IF($E21=0,"",$F21*480) -> 7680
A22: 18 | B22: =DATE(2026,9,1)+6 -> 46272 | C22: =CHOOSE(WEEKDAY(B22,2),"Lunes","Martes","Miércoles","Jueves","Viernes","Sábado","Domingo") -> Lunes | D22: =MOD(17,3)+1 -> 3 | E22: =IF(AND(WEEKDAY($B22,2)=6,$D22=3),0,1) -> 1 | F22: =IF($E22=0,"",SUM($E$5:$E22)) -> 17 | G22: =IF($E22=0,"",($F22-1)*480) -> 7680 | H22: =IF($E22=0,"",$F22*480) -> 8160
A23: 19 | B23: =DATE(2026,9,1)+7 -> 46273 | C23: =CHOOSE(WEEKDAY(B23,2),"Lunes","Martes","Miércoles","Jueves","Viernes","Sábado","Domingo") -> Martes | D23: =MOD(18,3)+1 -> 1 | E23: =IF(AND(WEEKDAY($B23,2)=6,$D23=3),0,1) -> 1 | F23: =IF($E23=0,"",SUM($E$5:$E23)) -> 18 | G23: =IF($E23=0,"",($F23-1)*480) -> 8160 | H23: =IF($E23=0,"",$F23*480) -> 8640
A24: 20 | B24: =DATE(2026,9,1)+7 -> 46273 | C24: =CHOOSE(WEEKDAY(B24,2),"Lunes","Martes","Miércoles","Jueves","Viernes","Sábado","Domingo") -> Martes | D24: =MOD(19,3)+1 -> 2 | E24: =IF(AND(WEEKDAY($B24,2)=6,$D24=3),0,1) -> 1 | F24: =IF($E24=0,"",SUM($E$5:$E24)) -> 19 | G24: =IF($E24=0,"",($F24-1)*480) -> 8640 | H24: =IF($E24=0,"",$F24*480) -> 9120
A25: 21 | B25: =DATE(2026,9,1)+7 -> 46273 | C25: =CHOOSE(WEEKDAY(B25,2),"Lunes","Martes","Miércoles","Jueves","Viernes","Sábado","Domingo") -> Martes | D25: =MOD(20,3)+1 -> 3 | E25: =IF(AND(WEEKDAY($B25,2)=6,$D25=3),0,1) -> 1 | F25: =IF($E25=0,"",SUM($E$5:$E25)) -> 20 | G25: =IF($E25=0,"",($F25-1)*480) -> 9120 | H25: =IF($E25=0,"",$F25*480) -> 9600
A26: 22 | B26: =DATE(2026,9,1)+8 -> 46274 | C26: =CHOOSE(WEEKDAY(B26,2),"Lunes","Martes","Miércoles","Jueves","Viernes","Sábado","Domingo") -> Miércoles | D26: =MOD(21,3)+1 -> 1 | E26: =IF(AND(WEEKDAY($B26,2)=6,$D26=3),0,1) -> 1 | F26: =IF($E26=0,"",SUM($E$5:$E26)) -> 21 | G26: =IF($E26=0,"",($F26-1)*480) -> 9600 | H26: =IF($E26=0,"",$F26*480) -> 10080
A27: 23 | B27: =DATE(2026,9,1)+8 -> 46274 | C27: =CHOOSE(WEEKDAY(B27,2),"Lunes","Martes","Miércoles","Jueves","Viernes","Sábado","Domingo") -> Miércoles | D27: =MOD(22,3)+1 -> 2 | E27: =IF(AND(WEEKDAY($B27,2)=6,$D27=3),0,1) -> 1 | F27: =IF($E27=0,"",SUM($E$5:$E27)) -> 22 | G27: =IF($E27=0,"",($F27-1)*480) -> 10080 | H27: =IF($E27=0,"",$F27*480) -> 10560
A28: 24 | B28: =DATE(2026,9,1)+8 -> 46274 | C28: =CHOOSE(WEEKDAY(B28,2),"Lunes","Martes","Miércoles","Jueves","Viernes","Sábado","Domingo") -> Miércoles | D28: =MOD(23,3)+1 -> 3 | E28: =IF(AND(WEEKDAY($B28,2)=6,$D28=3),0,1) -> 1 | F28: =IF($E28=0,"",SUM($E$5:$E28)) -> 23 | G28: =IF($E28=0,"",($F28-1)*480) -> 10560 | H28: =IF($E28=0,"",$F28*480) -> 11040
A29: 25 | B29: =DATE(2026,9,1)+9 -> 46275 | C29: =CHOOSE(WEEKDAY(B29,2),"Lunes","Martes","Miércoles","Jueves","Viernes","Sábado","Domingo") -> Jueves | D29: =MOD(24,3)+1 -> 1 | E29: =IF(AND(WEEKDAY($B29,2)=6,$D29=3),0,1) -> 1 | F29: =IF($E29=0,"",SUM($E$5:$E29)) -> 24 | G29: =IF($E29=0,"",($F29-1)*480) -> 11040 | H29: =IF($E29=0,"",$F29*480) -> 11520
A30: 26 | B30: =DATE(2026,9,1)+9 -> 46275 | C30: =CHOOSE(WEEKDAY(B30,2),"Lunes","Martes","Miércoles","Jueves","Viernes","Sábado","Domingo") -> Jueves | D30: =MOD(25,3)+1 -> 2 | E30: =IF(AND(WEEKDAY($B30,2)=6,$D30=3),0,1) -> 1 | F30: =IF($E30=0,"",SUM($E$5:$E30)) -> 25 | G30: =IF($E30=0,"",($F30-1)*480) -> 11520 | H30: =IF($E30=0,"",$F30*480) -> 12000
A31: 27 | B31: =DATE(2026,9,1)+9 -> 46275 | C31: =CHOOSE(WEEKDAY(B31,2),"Lunes","Martes","Miércoles","Jueves","Viernes","Sábado","Domingo") -> Jueves | D31: =MOD(26,3)+1 -> 3 | E31: =IF(AND(WEEKDAY($B31,2)=6,$D31=3),0,1) -> 1 | F31: =IF($E31=0,"",SUM($E$5:$E31)) -> 26 | G31: =IF($E31=0,"",($F31-1)*480) -> 12000 | H31: =IF($E31=0,"",$F31*480) -> 12480
A32: 28 | B32: =DATE(2026,9,1)+10 -> 46276 | C32: =CHOOSE(WEEKDAY(B32,2),"Lunes","Martes","Miércoles","Jueves","Viernes","Sábado","Domingo") -> Viernes | D32: =MOD(27,3)+1 -> 1 | E32: =IF(AND(WEEKDAY($B32,2)=6,$D32=3),0,1) -> 1 | F32: =IF($E32=0,"",SUM($E$5:$E32)) -> 27 | G32: =IF($E32=0,"",($F32-1)*480) -> 12480 | H32: =IF($E32=0,"",$F32*480) -> 12960
A33: 29 | B33: =DATE(2026,9,1)+10 -> 46276 | C33: =CHOOSE(WEEKDAY(B33,2),"Lunes","Martes","Miércoles","Jueves","Viernes","Sábado","Domingo") -> Viernes | D33: =MOD(28,3)+1 -> 2 | E33: =IF(AND(WEEKDAY($B33,2)=6,$D33=3),0,1) -> 1 | F33: =IF($E33=0,"",SUM($E$5:$E33)) -> 28 | G33: =IF($E33=0,"",($F33-1)*480) -> 12960 | H33: =IF($E33=0,"",$F33*480) -> 13440
A34: 30 | B34: =DATE(2026,9,1)+10 -> 46276 | C34: =CHOOSE(WEEKDAY(B34,2),"Lunes","Martes","Miércoles","Jueves","Viernes","Sábado","Domingo") -> Viernes | D34: =MOD(29,3)+1 -> 3 | E34: =IF(AND(WEEKDAY($B34,2)=6,$D34=3),0,1) -> 1 | F34: =IF($E34=0,"",SUM($E$5:$E34)) -> 29 | G34: =IF($E34=0,"",($F34-1)*480) -> 13440 | H34: =IF($E34=0,"",$F34*480) -> 13920
A35: 31 | B35: =DATE(2026,9,1)+11 -> 46277 | C35: =CHOOSE(WEEKDAY(B35,2),"Lunes","Martes","Miércoles","Jueves","Viernes","Sábado","Domingo") -> Sábado | D35: =MOD(30,3)+1 -> 1 | E35: =IF(AND(WEEKDAY($B35,2)=6,$D35=3),0,1) -> 1 | F35: =IF($E35=0,"",SUM($E$5:$E35)) -> 30 | G35: =IF($E35=0,"",($F35-1)*480) -> 13920 | H35: =IF($E35=0,"",$F35*480) -> 14400
A36: 32 | B36: =DATE(2026,9,1)+11 -> 46277 | C36: =CHOOSE(WEEKDAY(B36,2),"Lunes","Martes","Miércoles","Jueves","Viernes","Sábado","Domingo") -> Sábado | D36: =MOD(31,3)+1 -> 2 | E36: =IF(AND(WEEKDAY($B36,2)=6,$D36=3),0,1) -> 1 | F36: =IF($E36=0,"",SUM($E$5:$E36)) -> 31 | G36: =IF($E36=0,"",($F36-1)*480) -> 14400 | H36: =IF($E36=0,"",$F36*480) -> 14880
A37: 33 | B37: =DATE(2026,9,1)+11 -> 46277 | C37: =CHOOSE(WEEKDAY(B37,2),"Lunes","Martes","Miércoles","Jueves","Viernes","Sábado","Domingo") -> Sábado | D37: =MOD(32,3)+1 -> 3 | E37: =IF(AND(WEEKDAY($B37,2)=6,$D37=3),0,1) -> 0 | F37: =IF($E37=0,"",SUM($E$5:$E37)) | G37: =IF($E37=0,"",($F37-1)*480) | H37: =IF($E37=0,"",$F37*480)
A38: 34 | B38: =DATE(2026,9,1)+13 -> 46279 | C38: =CHOOSE(WEEKDAY(B38,2),"Lunes","Martes","Miércoles","Jueves","Viernes","Sábado","Domingo") -> Lunes | D38: =MOD(33,3)+1 -> 1 | E38: =IF(AND(WEEKDAY($B38,2)=6,$D38=3),0,1) -> 1 | F38: =IF($E38=0,"",SUM($E$5:$E38)) -> 32 | G38: =IF($E38=0,"",($F38-1)*480) -> 14880 | H38: =IF($E38=0,"",$F38*480) -> 15360
A39: 35 | B39: =DATE(2026,9,1)+13 -> 46279 | C39: =CHOOSE(WEEKDAY(B39,2),"Lunes","Martes","Miércoles","Jueves","Viernes","Sábado","Domingo") -> Lunes | D39: =MOD(34,3)+1 -> 2 | E39: =IF(AND(WEEKDAY($B39,2)=6,$D39=3),0,1) -> 1 | F39: =IF($E39=0,"",SUM($E$5:$E39)) -> 33 | G39: =IF($E39=0,"",($F39-1)*480) -> 15360 | H39: =IF($E39=0,"",$F39*480) -> 15840
A40: 36 | B40: =DATE(2026,9,1)+13 -> 46279 | C40: =CHOOSE(WEEKDAY(B40,2),"Lunes","Martes","Miércoles","Jueves","Viernes","Sábado","Domingo") -> Lunes | D40: =MOD(35,3)+1 -> 3 | E40: =IF(AND(WEEKDAY($B40,2)=6,$D40=3),0,1) -> 1 | F40: =IF($E40=0,"",SUM($E$5:$E40)) -> 34 | G40: =IF($E40=0,"",($F40-1)*480) -> 15840 | H40: =IF($E40=0,"",$F40*480) -> 16320
A41: 37 | B41: =DATE(2026,9,1)+14 -> 46280 | C41: =CHOOSE(WEEKDAY(B41,2),"Lunes","Martes","Miércoles","Jueves","Viernes","Sábado","Domingo") -> Martes | D41: =MOD(36,3)+1 -> 1 | E41: =IF(AND(WEEKDAY($B41,2)=6,$D41=3),0,1) -> 1 | F41: =IF($E41=0,"",SUM($E$5:$E41)) -> 35 | G41: =IF($E41=0,"",($F41-1)*480) -> 16320 | H41: =IF($E41=0,"",$F41*480) -> 16800
A42: 38 | B42: =DATE(2026,9,1)+14 -> 46280 | C42: =CHOOSE(WEEKDAY(B42,2),"Lunes","Martes","Miércoles","Jueves","Viernes","Sábado","Domingo") -> Martes | D42: =MOD(37,3)+1 -> 2 | E42: =IF(AND(WEEKDAY($B42,2)=6,$D42=3),0,1) -> 1 | F42: =IF($E42=0,"",SUM($E$5:$E42)) -> 36 | G42: =IF($E42=0,"",($F42-1)*480) -> 16800 | H42: =IF($E42=0,"",$F42*480) -> 17280
A43: 39 | B43: =DATE(2026,9,1)+14 -> 46280 | C43: =CHOOSE(WEEKDAY(B43,2),"Lunes","Martes","Miércoles","Jueves","Viernes","Sábado","Domingo") -> Martes | D43: =MOD(38,3)+1 -> 3 | E43: =IF(AND(WEEKDAY($B43,2)=6,$D43=3),0,1) -> 1 | F43: =IF($E43=0,"",SUM($E$5:$E43)) -> 37 | G43: =IF($E43=0,"",($F43-1)*480) -> 17280 | H43: =IF($E43=0,"",$F43*480) -> 17760
A44: 40 | B44: =DATE(2026,9,1)+15 -> 46281 | C44: =CHOOSE(WEEKDAY(B44,2),"Lunes","Martes","Miércoles","Jueves","Viernes","Sábado","Domingo") -> Miércoles | D44: =MOD(39,3)+1 -> 1 | E44: =IF(AND(WEEKDAY($B44,2)=6,$D44=3),0,1) -> 1 | F44: =IF($E44=0,"",SUM($E$5:$E44)) -> 38 | G44: =IF($E44=0,"",($F44-1)*480) -> 17760 | H44: =IF($E44=0,"",$F44*480) -> 18240
A45: 41 | B45: =DATE(2026,9,1)+15 -> 46281 | C45: =CHOOSE(WEEKDAY(B45,2),"Lunes","Martes","Miércoles","Jueves","Viernes","Sábado","Domingo") -> Miércoles | D45: =MOD(40,3)+1 -> 2 | E45: =IF(AND(WEEKDAY($B45,2)=6,$D45=3),0,1) -> 1 | F45: =IF($E45=0,"",SUM($E$5:$E45)) -> 39 | G45: =IF($E45=0,"",($F45-1)*480) -> 18240 | H45: =IF($E45=0,"",$F45*480) -> 18720
A46: 42 | B46: =DATE(2026,9,1)+15 -> 46281 | C46: =CHOOSE(WEEKDAY(B46,2),"Lunes","Martes","Miércoles","Jueves","Viernes","Sábado","Domingo") -> Miércoles | D46: =MOD(41,3)+1 -> 3 | E46: =IF(AND(WEEKDAY($B46,2)=6,$D46=3),0,1) -> 1 | F46: =IF($E46=0,"",SUM($E$5:$E46)) -> 40 | G46: =IF($E46=0,"",($F46-1)*480) -> 18720 | H46: =IF($E46=0,"",$F46*480) -> 19200
A47: 43 | B47: =DATE(2026,9,1)+16 -> 46282 | C47: =CHOOSE(WEEKDAY(B47,2),"Lunes","Martes","Miércoles","Jueves","Viernes","Sábado","Domingo") -> Jueves | D47: =MOD(42,3)+1 -> 1 | E47: =IF(AND(WEEKDAY($B47,2)=6,$D47=3),0,1) -> 1 | F47: =IF($E47=0,"",SUM($E$5:$E47)) -> 41 | G47: =IF($E47=0,"",($F47-1)*480) -> 19200 | H47: =IF($E47=0,"",$F47*480) -> 19680
A48: 44 | B48: =DATE(2026,9,1)+16 -> 46282 | C48: =CHOOSE(WEEKDAY(B48,2),"Lunes","Martes","Miércoles","Jueves","Viernes","Sábado","Domingo") -> Jueves | D48: =MOD(43,3)+1 -> 2 | E48: =IF(AND(WEEKDAY($B48,2)=6,$D48=3),0,1) -> 1 | F48: =IF($E48=0,"",SUM($E$5:$E48)) -> 42 | G48: =IF($E48=0,"",($F48-1)*480) -> 19680 | H48: =IF($E48=0,"",$F48*480) -> 20160
A49: 45 | B49: =DATE(2026,9,1)+16 -> 46282 | C49: =CHOOSE(WEEKDAY(B49,2),"Lunes","Martes","Miércoles","Jueves","Viernes","Sábado","Domingo") -> Jueves | D49: =MOD(44,3)+1 -> 3 | E49: =IF(AND(WEEKDAY($B49,2)=6,$D49=3),0,1) -> 1 | F49: =IF($E49=0,"",SUM($E$5:$E49)) -> 43 | G49: =IF($E49=0,"",($F49-1)*480) -> 20160 | H49: =IF($E49=0,"",$F49*480) -> 20640
A50: 46 | B50: =DATE(2026,9,1)+17 -> 46283 | C50: =CHOOSE(WEEKDAY(B50,2),"Lunes","Martes","Miércoles","Jueves","Viernes","Sábado","Domingo") -> Viernes | D50: =MOD(45,3)+1 -> 1 | E50: =IF(AND(WEEKDAY($B50,2)=6,$D50=3),0,1) -> 1 | F50: =IF($E50=0,"",SUM($E$5:$E50)) -> 44 | G50: =IF($E50=0,"",($F50-1)*480) -> 20640 | H50: =IF($E50=0,"",$F50*480) -> 21120
A51: 47 | B51: =DATE(2026,9,1)+17 -> 46283 | C51: =CHOOSE(WEEKDAY(B51,2),"Lunes","Martes","Miércoles","Jueves","Viernes","Sábado","Domingo") -> Viernes | D51: =MOD(46,3)+1 -> 2 | E51: =IF(AND(WEEKDAY($B51,2)=6,$D51=3),0,1) -> 1 | F51: =IF($E51=0,"",SUM($E$5:$E51)) -> 45 | G51: =IF($E51=0,"",($F51-1)*480) -> 21120 | H51: =IF($E51=0,"",$F51*480) -> 21600
A52: 48 | B52: =DATE(2026,9,1)+17 -> 46283 | C52: =CHOOSE(WEEKDAY(B52,2),"Lunes","Martes","Miércoles","Jueves","Viernes","Sábado","Domingo") -> Viernes | D52: =MOD(47,3)+1 -> 3 | E52: =IF(AND(WEEKDAY($B52,2)=6,$D52=3),0,1) -> 1 | F52: =IF($E52=0,"",SUM($E$5:$E52)) -> 46 | G52: =IF($E52=0,"",($F52-1)*480) -> 21600 | H52: =IF($E52=0,"",$F52*480) -> 22080
A53: 49 | B53: =DATE(2026,9,1)+18 -> 46284 | C53: =CHOOSE(WEEKDAY(B53,2),"Lunes","Martes","Miércoles","Jueves","Viernes","Sábado","Domingo") -> Sábado | D53: =MOD(48,3)+1 -> 1 | E53: =IF(AND(WEEKDAY($B53,2)=6,$D53=3),0,1) -> 1 | F53: =IF($E53=0,"",SUM($E$5:$E53)) -> 47 | G53: =IF($E53=0,"",($F53-1)*480) -> 22080 | H53: =IF($E53=0,"",$F53*480) -> 22560
A54: 50 | B54: =DATE(2026,9,1)+18 -> 46284 | C54: =CHOOSE(WEEKDAY(B54,2),"Lunes","Martes","Miércoles","Jueves","Viernes","Sábado","Domingo") -> Sábado | D54: =MOD(49,3)+1 -> 2 | E54: =IF(AND(WEEKDAY($B54,2)=6,$D54=3),0,1) -> 1 | F54: =IF($E54=0,"",SUM($E$5:$E54)) -> 48 | G54: =IF($E54=0,"",($F54-1)*480) -> 22560 | H54: =IF($E54=0,"",$F54*480) -> 23040
A55: 51 | B55: =DATE(2026,9,1)+18 -> 46284 | C55: =CHOOSE(WEEKDAY(B55,2),"Lunes","Martes","Miércoles","Jueves","Viernes","Sábado","Domingo") -> Sábado | D55: =MOD(50,3)+1 -> 3 | E55: =IF(AND(WEEKDAY($B55,2)=6,$D55=3),0,1) -> 0 | F55: =IF($E55=0,"",SUM($E$5:$E55)) | G55: =IF($E55=0,"",($F55-1)*480) | H55: =IF($E55=0,"",$F55*480)
A56: 52 | B56: =DATE(2026,9,1)+20 -> 46286 | C56: =CHOOSE(WEEKDAY(B56,2),"Lunes","Martes","Miércoles","Jueves","Viernes","Sábado","Domingo") -> Lunes | D56: =MOD(51,3)+1 -> 1 | E56: =IF(AND(WEEKDAY($B56,2)=6,$D56=3),0,1) -> 1 | F56: =IF($E56=0,"",SUM($E$5:$E56)) -> 49 | G56: =IF($E56=0,"",($F56-1)*480) -> 23040 | H56: =IF($E56=0,"",$F56*480) -> 23520
A57: 53 | B57: =DATE(2026,9,1)+20 -> 46286 | C57: =CHOOSE(WEEKDAY(B57,2),"Lunes","Martes","Miércoles","Jueves","Viernes","Sábado","Domingo") -> Lunes | D57: =MOD(52,3)+1 -> 2 | E57: =IF(AND(WEEKDAY($B57,2)=6,$D57=3),0,1) -> 1 | F57: =IF($E57=0,"",SUM($E$5:$E57)) -> 50 | G57: =IF($E57=0,"",($F57-1)*480) -> 23520 | H57: =IF($E57=0,"",$F57*480) -> 24000
A58: 54 | B58: =DATE(2026,9,1)+20 -> 46286 | C58: =CHOOSE(WEEKDAY(B58,2),"Lunes","Martes","Miércoles","Jueves","Viernes","Sábado","Domingo") -> Lunes | D58: =MOD(53,3)+1 -> 3 | E58: =IF(AND(WEEKDAY($B58,2)=6,$D58=3),0,1) -> 1 | F58: =IF($E58=0,"",SUM($E$5:$E58)) -> 51 | G58: =IF($E58=0,"",($F58-1)*480) -> 24000 | H58: =IF($E58=0,"",$F58*480) -> 24480
A59: 55 | B59: =DATE(2026,9,1)+21 -> 46287 | C59: =CHOOSE(WEEKDAY(B59,2),"Lunes","Martes","Miércoles","Jueves","Viernes","Sábado","Domingo") -> Martes | D59: =MOD(54,3)+1 -> 1 | E59: =IF(AND(WEEKDAY($B59,2)=6,$D59=3),0,1) -> 1 | F59: =IF($E59=0,"",SUM($E$5:$E59)) -> 52 | G59: =IF($E59=0,"",($F59-1)*480) -> 24480 | H59: =IF($E59=0,"",$F59*480) -> 24960
A60: 56 | B60: =DATE(2026,9,1)+21 -> 46287 | C60: =CHOOSE(WEEKDAY(B60,2),"Lunes","Martes","Miércoles","Jueves","Viernes","Sábado","Domingo") -> Martes | D60: =MOD(55,3)+1 -> 2 | E60: =IF(AND(WEEKDAY($B60,2)=6,$D60=3),0,1) -> 1 | F60: =IF($E60=0,"",SUM($E$5:$E60)) -> 53 | G60: =IF($E60=0,"",($F60-1)*480) -> 24960 | H60: =IF($E60=0,"",$F60*480) -> 25440
A61: 57 | B61: =DATE(2026,9,1)+21 -> 46287 | C61: =CHOOSE(WEEKDAY(B61,2),"Lunes","Martes","Miércoles","Jueves","Viernes","Sábado","Domingo") -> Martes | D61: =MOD(56,3)+1 -> 3 | E61: =IF(AND(WEEKDAY($B61,2)=6,$D61=3),0,1) -> 1 | F61: =IF($E61=0,"",SUM($E$5:$E61)) -> 54 | G61: =IF($E61=0,"",($F61-1)*480) -> 25440 | H61: =IF($E61=0,"",$F61*480) -> 25920
A62: 58 | B62: =DATE(2026,9,1)+22 -> 46288 | C62: =CHOOSE(WEEKDAY(B62,2),"Lunes","Martes","Miércoles","Jueves","Viernes","Sábado","Domingo") -> Miércoles | D62: =MOD(57,3)+1 -> 1 | E62: =IF(AND(WEEKDAY($B62,2)=6,$D62=3),0,1) -> 1 | F62: =IF($E62=0,"",SUM($E$5:$E62)) -> 55 | G62: =IF($E62=0,"",($F62-1)*480) -> 25920 | H62: =IF($E62=0,"",$F62*480) -> 26400
A63: 59 | B63: =DATE(2026,9,1)+22 -> 46288 | C63: =CHOOSE(WEEKDAY(B63,2),"Lunes","Martes","Miércoles","Jueves","Viernes","Sábado","Domingo") -> Miércoles | D63: =MOD(58,3)+1 -> 2 | E63: =IF(AND(WEEKDAY($B63,2)=6,$D63=3),0,1) -> 1 | F63: =IF($E63=0,"",SUM($E$5:$E63)) -> 56 | G63: =IF($E63=0,"",($F63-1)*480) -> 26400 | H63: =IF($E63=0,"",$F63*480) -> 26880
A64: 60 | B64: =DATE(2026,9,1)+22 -> 46288 | C64: =CHOOSE(WEEKDAY(B64,2),"Lunes","Martes","Miércoles","Jueves","Viernes","Sábado","Domingo") -> Miércoles | D64: =MOD(59,3)+1 -> 3 | E64: =IF(AND(WEEKDAY($B64,2)=6,$D64=3),0,1) -> 1 | F64: =IF($E64=0,"",SUM($E$5:$E64)) -> 57 | G64: =IF($E64=0,"",($F64-1)*480) -> 26880 | H64: =IF($E64=0,"",$F64*480) -> 27360
A65: 61 | B65: =DATE(2026,9,1)+23 -> 46289 | C65: =CHOOSE(WEEKDAY(B65,2),"Lunes","Martes","Miércoles","Jueves","Viernes","Sábado","Domingo") -> Jueves | D65: =MOD(60,3)+1 -> 1 | E65: =IF(AND(WEEKDAY($B65,2)=6,$D65=3),0,1) -> 1 | F65: =IF($E65=0,"",SUM($E$5:$E65)) -> 58 | G65: =IF($E65=0,"",($F65-1)*480) -> 27360 | H65: =IF($E65=0,"",$F65*480) -> 27840
A66: 62 | B66: =DATE(2026,9,1)+23 -> 46289 | C66: =CHOOSE(WEEKDAY(B66,2),"Lunes","Martes","Miércoles","Jueves","Viernes","Sábado","Domingo") -> Jueves | D66: =MOD(61,3)+1 -> 2 | E66: =IF(AND(WEEKDAY($B66,2)=6,$D66=3),0,1) -> 1 | F66: =IF($E66=0,"",SUM($E$5:$E66)) -> 59 | G66: =IF($E66=0,"",($F66-1)*480) -> 27840 | H66: =IF($E66=0,"",$F66*480) -> 28320
A67: 63 | B67: =DATE(2026,9,1)+23 -> 46289 | C67: =CHOOSE(WEEKDAY(B67,2),"Lunes","Martes","Miércoles","Jueves","Viernes","Sábado","Domingo") -> Jueves | D67: =MOD(62,3)+1 -> 3 | E67: =IF(AND(WEEKDAY($B67,2)=6,$D67=3),0,1) -> 1 | F67: =IF($E67=0,"",SUM($E$5:$E67)) -> 60 | G67: =IF($E67=0,"",($F67-1)*480) -> 28320 | H67: =IF($E67=0,"",$F67*480) -> 28800
A68: 64 | B68: =DATE(2026,9,1)+24 -> 46290 | C68: =CHOOSE(WEEKDAY(B68,2),"Lunes","Martes","Miércoles","Jueves","Viernes","Sábado","Domingo") -> Viernes | D68: =MOD(63,3)+1 -> 1 | E68: =IF(AND(WEEKDAY($B68,2)=6,$D68=3),0,1) -> 1 | F68: =IF($E68=0,"",SUM($E$5:$E68)) -> 61 | G68: =IF($E68=0,"",($F68-1)*480) -> 28800 | H68: =IF($E68=0,"",$F68*480) -> 29280
A69: 65 | B69: =DATE(2026,9,1)+24 -> 46290 | C69: =CHOOSE(WEEKDAY(B69,2),"Lunes","Martes","Miércoles","Jueves","Viernes","Sábado","Domingo") -> Viernes | D69: =MOD(64,3)+1 -> 2 | E69: =IF(AND(WEEKDAY($B69,2)=6,$D69=3),0,1) -> 1 | F69: =IF($E69=0,"",SUM($E$5:$E69)) -> 62 | G69: =IF($E69=0,"",($F69-1)*480) -> 29280 | H69: =IF($E69=0,"",$F69*480) -> 29760
A70: 66 | B70: =DATE(2026,9,1)+24 -> 46290 | C70: =CHOOSE(WEEKDAY(B70,2),"Lunes","Martes","Miércoles","Jueves","Viernes","Sábado","Domingo") -> Viernes | D70: =MOD(65,3)+1 -> 3 | E70: =IF(AND(WEEKDAY($B70,2)=6,$D70=3),0,1) -> 1 | F70: =IF($E70=0,"",SUM($E$5:$E70)) -> 63 | G70: =IF($E70=0,"",($F70-1)*480) -> 29760 | H70: =IF($E70=0,"",$F70*480) -> 30240
A71: 67 | B71: =DATE(2026,9,1)+25 -> 46291 | C71: =CHOOSE(WEEKDAY(B71,2),"Lunes","Martes","Miércoles","Jueves","Viernes","Sábado","Domingo") -> Sábado | D71: =MOD(66,3)+1 -> 1 | E71: =IF(AND(WEEKDAY($B71,2)=6,$D71=3),0,1) -> 1 | F71: =IF($E71=0,"",SUM($E$5:$E71)) -> 64 | G71: =IF($E71=0,"",($F71-1)*480) -> 30240 | H71: =IF($E71=0,"",$F71*480) -> 30720
A72: 68 | B72: =DATE(2026,9,1)+25 -> 46291 | C72: =CHOOSE(WEEKDAY(B72,2),"Lunes","Martes","Miércoles","Jueves","Viernes","Sábado","Domingo") -> Sábado | D72: =MOD(67,3)+1 -> 2 | E72: =IF(AND(WEEKDAY($B72,2)=6,$D72=3),0,1) -> 1 | F72: =IF($E72=0,"",SUM($E$5:$E72)) -> 65 | G72: =IF($E72=0,"",($F72-1)*480) -> 30720 | H72: =IF($E72=0,"",$F72*480) -> 31200
A73: 69 | B73: =DATE(2026,9,1)+25 -> 46291 | C73: =CHOOSE(WEEKDAY(B73,2),"Lunes","Martes","Miércoles","Jueves","Viernes","Sábado","Domingo") -> Sábado | D73: =MOD(68,3)+1 -> 3 | E73: =IF(AND(WEEKDAY($B73,2)=6,$D73=3),0,1) -> 0 | F73: =IF($E73=0,"",SUM($E$5:$E73)) | G73: =IF($E73=0,"",($F73-1)*480) | H73: =IF($E73=0,"",$F73*480)
A74: 70 | B74: =DATE(2026,9,1)+27 -> 46293 | C74: =CHOOSE(WEEKDAY(B74,2),"Lunes","Martes","Miércoles","Jueves","Viernes","Sábado","Domingo") -> Lunes | D74: =MOD(69,3)+1 -> 1 | E74: =IF(AND(WEEKDAY($B74,2)=6,$D74=3),0,1) -> 1 | F74: =IF($E74=0,"",SUM($E$5:$E74)) -> 66 | G74: =IF($E74=0,"",($F74-1)*480) -> 31200 | H74: =IF($E74=0,"",$F74*480) -> 31680
A75: 71 | B75: =DATE(2026,9,1)+27 -> 46293 | C75: =CHOOSE(WEEKDAY(B75,2),"Lunes","Martes","Miércoles","Jueves","Viernes","Sábado","Domingo") -> Lunes | D75: =MOD(70,3)+1 -> 2 | E75: =IF(AND(WEEKDAY($B75,2)=6,$D75=3),0,1) -> 1 | F75: =IF($E75=0,"",SUM($E$5:$E75)) -> 67 | G75: =IF($E75=0,"",($F75-1)*480) -> 31680 | H75: =IF($E75=0,"",$F75*480) -> 32160
A76: 72 | B76: =DATE(2026,9,1)+27 -> 46293 | C76: =CHOOSE(WEEKDAY(B76,2),"Lunes","Martes","Miércoles","Jueves","Viernes","Sábado","Domingo") -> Lunes | D76: =MOD(71,3)+1 -> 3 | E76: =IF(AND(WEEKDAY($B76,2)=6,$D76=3),0,1) -> 1 | F76: =IF($E76=0,"",SUM($E$5:$E76)) -> 68 | G76: =IF($E76=0,"",($F76-1)*480) -> 32160 | H76: =IF($E76=0,"",$F76*480) -> 32640
A77: 73 | B77: =DATE(2026,9,1)+28 -> 46294 | C77: =CHOOSE(WEEKDAY(B77,2),"Lunes","Martes","Miércoles","Jueves","Viernes","Sábado","Domingo") -> Martes | D77: =MOD(72,3)+1 -> 1 | E77: =IF(AND(WEEKDAY($B77,2)=6,$D77=3),0,1) -> 1 | F77: =IF($E77=0,"",SUM($E$5:$E77)) -> 69 | G77: =IF($E77=0,"",($F77-1)*480) -> 32640 | H77: =IF($E77=0,"",$F77*480) -> 33120
A78: 74 | B78: =DATE(2026,9,1)+28 -> 46294 | C78: =CHOOSE(WEEKDAY(B78,2),"Lunes","Martes","Miércoles","Jueves","Viernes","Sábado","Domingo") -> Martes | D78: =MOD(73,3)+1 -> 2 | E78: =IF(AND(WEEKDAY($B78,2)=6,$D78=3),0,1) -> 1 | F78: =IF($E78=0,"",SUM($E$5:$E78)) -> 70 | G78: =IF($E78=0,"",($F78-1)*480) -> 33120 | H78: =IF($E78=0,"",$F78*480) -> 33600
A79: 75 | B79: =DATE(2026,9,1)+28 -> 46294 | C79: =CHOOSE(WEEKDAY(B79,2),"Lunes","Martes","Miércoles","Jueves","Viernes","Sábado","Domingo") -> Martes | D79: =MOD(74,3)+1 -> 3 | E79: =IF(AND(WEEKDAY($B79,2)=6,$D79=3),0,1) -> 1 | F79: =IF($E79=0,"",SUM($E$5:$E79)) -> 71 | G79: =IF($E79=0,"",($F79-1)*480) -> 33600 | H79: =IF($E79=0,"",$F79*480) -> 34080
A80: 76 | B80: =DATE(2026,9,1)+29 -> 46295 | C80: =CHOOSE(WEEKDAY(B80,2),"Lunes","Martes","Miércoles","Jueves","Viernes","Sábado","Domingo") -> Miércoles | D80: =MOD(75,3)+1 -> 1 | E80: =IF(AND(WEEKDAY($B80,2)=6,$D80=3),0,1) -> 1 | F80: =IF($E80=0,"",SUM($E$5:$E80)) -> 72 | G80: =IF($E80=0,"",($F80-1)*480) -> 34080 | H80: =IF($E80=0,"",$F80*480) -> 34560
A81: 77 | B81: =DATE(2026,9,1)+29 -> 46295 | C81: =CHOOSE(WEEKDAY(B81,2),"Lunes","Martes","Miércoles","Jueves","Viernes","Sábado","Domingo") -> Miércoles | D81: =MOD(76,3)+1 -> 2 | E81: =IF(AND(WEEKDAY($B81,2)=6,$D81=3),0,1) -> 1 | F81: =IF($E81=0,"",SUM($E$5:$E81)) -> 73 | G81: =IF($E81=0,"",($F81-1)*480) -> 34560 | H81: =IF($E81=0,"",$F81*480) -> 35040
A82: 78 | B82: =DATE(2026,9,1)+29 -> 46295 | C82: =CHOOSE(WEEKDAY(B82,2),"Lunes","Martes","Miércoles","Jueves","Viernes","Sábado","Domingo") -> Miércoles | D82: =MOD(77,3)+1 -> 3 | E82: =IF(AND(WEEKDAY($B82,2)=6,$D82=3),0,1) -> 1 | F82: =IF($E82=0,"",SUM($E$5:$E82)) -> 74 | G82: =IF($E82=0,"",($F82-1)*480) -> 35040 | H82: =IF($E82=0,"",$F82*480) -> 35520
B84: Días hábiles (L-S) | D84: =1+SUMPRODUCT(--($B$6:$B$82<>$B$5:$B$81)) -> 26
B85: Turnos disponibles | D85: =SUM($E$5:$E$82) -> 74
B86: Minutos disponibles | D86: =$D$85*480 -> 35520

Sheet 08_PLAN_MAESTRO
A1: PLAN MAESTRO DE FABRICACIÓN — CANTIDADES POR PRODUCTO · TURNO · DÍA
A2: Cartones completos por producto y turno. El remanente de un turno que no alcanza para otro cartón queda libre. Las filas siguen la secuencia; gris = no operativo.
D4: ='07_Calendario'!C5 -> Martes | G4: ='07_Calendario'!C8 -> Miércoles | J4: ='07_Calendario'!C11 -> Jueves | M4: ='07_Calendario'!C14 -> Viernes | P4: ='07_Calendario'!C17 -> Sábado | S4: ='07_Calendario'!C20 -> Lunes | V4: ='07_Calendario'!C23 -> Martes | Y4: ='07_Calendario'!C26 -> Miércoles | AB4: ='07_Calendario'!C29 -> Jueves | AE4: ='07_Calendario'!C32 -> Viernes | AH4: ='07_Calendario'!C35 -> Sábado | AK4: ='07_Calendario'!C38 -> Lunes | AN4: ='07_Calendario'!C41 -> Martes | AQ4: ='07_Calendario'!C44 -> Miércoles | AT4: ='07_Calendario'!C47 -> Jueves | AW4: ='07_Calendario'!C50 -> Viernes | AZ4: ='07_Calendario'!C53 -> Sábado | BC4: ='07_Calendario'!C56 -> Lunes | BF4: ='07_Calendario'!C59 -> Martes | BI4: ='07_Calendario'!C62 -> Miércoles | BL4: ='07_Calendario'!C65 -> Jueves | BO4: ='07_Calendario'!C68 -> Viernes | BR4: ='07_Calendario'!C71 -> Sábado | BU4: ='07_Calendario'!C74 -> Lunes | BX4: ='07_Calendario'!C77 -> Martes | CA4: ='07_Calendario'!C80 -> Miércoles
D5: ='07_Calendario'!$B$5 -> 46266 | G5: ='07_Calendario'!$B$8 -> 46267 | J5: ='07_Calendario'!$B$11 -> 46268 | M5: ='07_Calendario'!$B$14 -> 46269 | P5: ='07_Calendario'!$B$17 -> 46270 | S5: ='07_Calendario'!$B$20 -> 46272 | V5: ='07_Calendario'!$B$23 -> 46273 | Y5: ='07_Calendario'!$B$26 -> 46274 | AB5: ='07_Calendario'!$B$29 -> 46275 | AE5: ='07_Calendario'!$B$32 -> 46276 | AH5: ='07_Calendario'!$B$35 -> 46277 | AK5: ='07_Calendario'!$B$38 -> 46279 | AN5: ='07_Calendario'!$B$41 -> 46280 | AQ5: ='07_Calendario'!$B$44 -> 46281 | AT5: ='07_Calendario'!$B$47 -> 46282 | AW5: ='07_Calendario'!$B$50 -> 46283 | AZ5: ='07_Calendario'!$B$53 -> 46284 | BC5: ='07_Calendario'!$B$56 -> 46286 | BF5: ='07_Calendario'!$B$59 -> 46287 | BI5: ='07_Calendario'!$B$62 -> 46288 | BL5: ='07_Calendario'!$B$65 -> 46289 | BO5: ='07_Calendario'!$B$68 -> 46290 | BR5: ='07_Calendario'!$B$71 -> 46291 | BU5: ='07_Calendario'!$B$74 -> 46293 | BX5: ='07_Calendario'!$B$77 -> 46294 | CA5: ='07_Calendario'!$B$80 -> 46295
A6: Id | B6: Descripción | C6: Familia | D6: 1 | E6: 2 | F6: 3 | G6: 1 | H6: 2 | I6: 3 | J6: 1 | K6: 2 | L6: 3 | M6: 1 | N6: 2 | O6: 3 | P6: 1 | Q6: 2 | R6: 3 | S6: 1 | T6: 2 | U6: 3 | V6: 1 | W6: 2 | X6: 3 | Y6: 1 | Z6: 2 | AA6: 3 | AB6: 1 | AC6: 2 | AD6: 3 | AE6: 1 | AF6: 2 | AG6: 3 | AH6: 1 | AI6: 2 | AJ6: 3 | AK6: 1 | AL6: 2 | AM6: 3 | AN6: 1 | AO6: 2 | AP6: 3 | AQ6: 1 | AR6: 2 | AS6: 3 | AT6: 1 | AU6: 2 | AV6: 3 | AW6: 1 | AX6: 2 | AY6: 3 | AZ6: 1 | BA6: 2 | BB6: 3 | BC6: 1 | BD6: 2 | BE6: 3 | BF6: 1 | BG6: 2 | BH6: 3 | BI6: 1 | BJ6: 2 | BK6: 3 | BL6: 1 | BM6: 2 | BN6: 3 | BO6: 1 | BP6: 2 | BQ6: 3 | BR6: 1 | BS6: 2 | BT6: 3 | BU6: 1 | BV6: 2 | BW6: 3 | BX6: 1 | BY6: 2 | BZ6: 3 | CA6: 1 | CB6: 2 | CC6: 3 | CD6: Total plan | CE6: Necesidad | CF6: Cuadre
A7: ='06_Secuencia_Optima'!$B$26 -> 3533 | B7: ='06_Secuencia_Optima'!$C$26 -> VINAGRE BLANCO (24DP/1/230ml) | C7: ='06_Secuencia_Optima'!$D$26 -> 3533 | D7: =IF('07_Calendario'!$E$5=0,"",INT(ROUND(MIN('06_Secuencia_Optima'!$G$26,MAX(0,'07_Calendario'!$H$5-'06_Secuencia_Optima'!$L$26-'06_Secuencia_Optima'!$AB$26)*'06_Secuencia_Optima'!$H$26/480),6))-INT(ROUND(MIN('06_Secuencia_Optima'!$G$26,MAX(0,'07_Calendario'!$G$5-'06_Secuencia_Optima'!$L$26-'06_Secuencia_Optima'!$AB$26)*'06_Secuencia_Optima'!$H$26/480),6))) -> 1123 | E7: =IF('07_Calendario'!$E$6=0,"",INT(ROUND(MIN('06_Secuencia_Optima'!$G$26,MAX(0,'07_Calendario'!$H$6-'06_Secuencia_Optima'!$L$26-'06_Secuencia_Optima'!$AB$26)*'06_Secuencia_Optima'!$H$26/480),6))-INT(ROUND(MIN('06_Secuencia_Optima'!$G$26,MAX(0,'07_Calendario'!$G$6-'06_Secuencia_Optima'!$L$26-'06_Secuencia_Optima'!$AB$26)*'06_Secuencia_Optima'!$H$26/480),6))) -> 1123 | F7: =IF('07_Calendario'!$E$7=0,"",INT(ROUND(MIN('06_Secuencia_Optima'!$G$26,MAX(0,'07_Calendario'!$H$7-'06_Secuencia_Optima'!$L$26-'06_Secuencia_Optima'!$AB$26)*'06_Secuencia_Optima'!$H$26/480),6))-INT(ROUND(MIN('06_Secuencia_Optima'!$G$26,MAX(0,'07_Calendario'!$G$7-'06_Secuencia_Optima'!$L$26-'06_Secuencia_Optima'!$AB$26)*'06_Secuencia_Optima'!$H$26/480),6))) -> 1123 | G7: =IF('07_Calendario'!$E$8=0,"",INT(ROUND(MIN('06_Secuencia_Optima'!$G$26,MAX(0,'07_Calendario'!$H$8-'06_Secuencia_Optima'!$L$26-'06_Secuencia_Optima'!$AB$26)*'06_Secuencia_Optima'!$H$26/480),6))-INT(ROUND(MIN('06_Secuencia_Optima'!$G$26,MAX(0,'07_Calendario'!$G$8-'06_Secuencia_Optima'!$L$26-'06_Secuencia_Optima'!$AB$26)*'06_Secuencia_Optima'!$H$26/480),6))) -> 465 | H7: =IF('07_Calendario'!$E$9=0,"",INT(ROUND(MIN('06_Secuencia_Optima'!$G$26,MAX(0,'07_Calendario'!$H$9-'06_Secuencia_Optima'!$L$26-'06_Secuencia_Optima'!$AB$26)*'06_Secuencia_Optima'!$H$26/480),6))-INT(ROUND(MIN('06_Secuencia_Optima'!$G$26,MAX(0,'07_Calendario'!$G$9-'06_Secuencia_Optima'!$L$26-'06_Secuencia_Optima'!$AB$26)*'06_Secuencia_Optima'!$H$26/480),6))) -> 0 | I7: =IF('07_Calendario'!$E$10=0,"",INT(ROUND(MIN('06_Secuencia_Optima'!$G$26,MAX(0,'07_Calendario'!$H$10-'06_Secuencia_Optima'!$L$26-'06_Secuencia_Optima'!$AB$26)*'06_Secuencia_Optima'!$H$26/480),6))-INT(ROUND(MIN('06_Secuencia_Optima'!$G$26,MAX(0,'07_Calendario'!$G$10-'06_Secuencia_Optima'!$L$26-'06_Secuencia_Optima'!$AB$26)*'06_Secuencia_Optima'!$H$26/480),6))) -> 0 | J7: =IF('07_Calendario'!$E$11=0,"",INT(ROUND(MIN('06_Secuencia_Optima'!$G$26,MAX(0,'07_Calendario'!$H$11-'06_Secuencia_Optima'!$L$26-'06_Secuencia_Optima'!$AB$26)*'06_Secuencia_Optima'!$H$26/480),6))-INT(ROUND(MIN('06_Secuencia_Optima'!$G$26,MAX(0,'07_Calendario'!$G$11-'06_Secuencia_Optima'!$L$26-'06_Secuencia_Optima'!$AB$26)*'06_Secuencia_Optima'!$H$26/480),6))) -> 0 | K7: =IF('07_Calendario'!$E$12=0,"",INT(ROUND(MIN('06_Secuencia_Optima'!$G$26,MAX(0,'07_Calendario'!$H$12-'06_Secuencia_Optima'!$L$26-'06_Secuencia_Optima'!$AB$26)*'06_Secuencia_Optima'!$H$26/480),6))-INT(ROUND(MIN('06_Secuencia_Optima'!$G$26,MAX(0,'07_Calendario'!$G$12-'06_Secuencia_Optima'!$L$26-'06_Secuencia_Optima'!$AB$26)*'06_Secuencia_Optima'!$H$26/480),6))) -> 0 | L7: =IF('07_Calendario'!$E$13=0,"",INT(ROUND(MIN('06_Secuencia_Optima'!$G$26,MAX(0,'07_Calendario'!$H$13-'06_Secuencia_Optima'!$L$26-'06_Secuencia_Optima'!$AB$26)*'06_Secuencia_Optima'!$H$26/480),6))-INT(ROUND(MIN('06_Secuencia_Optima'!$G$26,MAX(0,'07_Calendario'!$G$13-'06_Secuencia_Optima'!$L$26-'06_Secuencia_Optima'!$AB$26)*'06_Secuencia_Optima'!$H$26/480),6))) -> 0 | M7: =IF('07_Calendario'!$E$14=0,"",INT(ROUND(MIN('06_Secuencia_Optima'!$G$26,MAX(0,'07_Calendario'!$H$14-'06_Secuencia_Optima'!$L$26-'06_Secuencia_Optima'!$AB$26)*'06_Secuencia_Optima'!$H$26/480),6))-INT(ROUND(MIN('06_Secuencia_Optima'!$G$26,MAX(0,'07_Calendario'!$G$14-'06_Secuencia_Optima'!$L$26-'06_Secuencia_Optima'!$AB$26)*'06_Secuencia_Optima'!$H$26/480),6))) -> 0 | N7: =IF('07_Calendario'!$E$15=0,"",INT(ROUND(MIN('06_Secuencia_Optima'!$G$26,MAX(0,'07_Calendario'!$H$15-'06_Secuencia_Optima'!$L$26-'06_Secuencia_Optima'!$AB$26)*'06_Secuencia_Optima'!$H$26/480),6))-INT(ROUND(MIN('06_Secuencia_Optima'!$G$26,MAX(0,'07_Calendario'!$G$15-'06_Secuencia_Optima'!$L$26-'06_Secuencia_Optima'!$AB$26)*'06_Secuencia_Optima'!$H$26/480),6))) -> 0 | O7: =IF('07_Calendario'!$E$16=0,"",INT(ROUND(MIN('06_Secuencia_Optima'!$G$26,MAX(0,'07_Calendario'!$H$16-'06_Secuencia_Optima'!$L$26-'06_Secuencia_Optima'!$AB$26)*'06_Secuencia_Optima'!$H$26/480),6))-INT(ROUND(MIN('06_Secuencia_Optima'!$G$26,MAX(0,'07_Calendario'!$G$16-'06_Secuencia_Optima'!$L$26-'06_Secuencia_Optima'!$AB$26)*'06_Secuencia_Optima'!$H$26/480),6))) -> 0 | P7: =IF('07_Calendario'!$E$17=0,"",INT(ROUND(MIN('06_Secuencia_Optima'!$G$26,MAX(0,'07_Calendario'!$H$17-'06_Secuencia_Optima'!$L$26-'06_Secuencia_Optima'!$AB$26)*'06_Secuencia_Optima'!$H$26/480),6))-INT(ROUND(MIN('06_Secuencia_Optima'!$G$26,MAX(0,'07_Calendario'!$G$17-'06_Secuencia_Optima'!$L$26-'06_Secuencia_Optima'!$AB$26)*'06_Secuencia_Optima'!$H$26/480),6))) -> 0 | Q7: =IF('07_Calendario'!$E$18=0,"",INT(ROUND(MIN('06_Secuencia_Optima'!$G$26,MAX(0,'07_Calendario'!$H$18-'06_Secuencia_Optima'!$L$26-'06_Secuencia_Optima'!$AB$26)*'06_Secuencia_Optima'!$H$26/480),6))-INT(ROUND(MIN('06_Secuencia_Optima'!$G$26,MAX(0,'07_Calendario'!$G$18-'06_Secuencia_Optima'!$L$26-'06_Secuencia_Optima'!$AB$26)*'06_Secuencia_Optima'!$H$26/480),6))) -> 0 | R7: =IF('07_Calendario'!$E$19=0,"",INT(ROUND(MIN('06_Secuencia_Optima'!$G$26,MAX(0,'07_Calendario'!$H$19-'06_Secuencia_Optima'!$L$26-'06_Secuencia_Optima'!$AB$26)*'06_Secuencia_Optima'!$H$26/480),6))-INT(ROUND(MIN('06_Secuencia_Optima'!$G$26,MAX(0,'07_Calendario'!$G$19-'06_Secuencia_Optima'!$L$26-'06_Secuencia_Optima'!$AB$26)*'06_Secuencia_Optima'!$H$26/480),6))) | S7: =IF('07_Calendario'!$E$20=0,"",INT(ROUND(MIN('06_Secuencia_Optima'!$G$26,MAX(0,'07_Calendario'!$H$20-'06_Secuencia_Optima'!$L$26-'06_Secuencia_Optima'!$AB$26)*'06_Secuencia_Optima'!$H$26/480),6))-INT(ROUND(MIN('06_Secuencia_Optima'!$G$26,MAX(0,'07_Calendario'!$G$20-'06_Secuencia_Optima'!$L$26-'06_Secuencia_Optima'!$AB$26)*'06_Secuencia_Optima'!$H$26/480),6))) -> 0 | T7: =IF('07_Calendario'!$E$21=0,"",INT(ROUND(MIN('06_Secuencia_Optima'!$G$26,MAX(0,'07_Calendario'!$H$21-'06_Secuencia_Optima'!$L$26-'06_Secuencia_Optima'!$AB$26)*'06_Secuencia_Optima'!$H$26/480),6))-INT(ROUND(MIN('06_Secuencia_Optima'!$G$26,MAX(0,'07_Calendario'!$G$21-'06_Secuencia_Optima'!$L$26-'06_Secuencia_Optima'!$AB$26)*'06_Secuencia_Optima'!$H$26/480),6))) -> 0 | U7: =IF('07_Calendario'!$E$22=0,"",INT(ROUND(MIN('06_Secuencia_Optima'!$G$26,MAX(0,'07_Calendario'!$H$22-'06_Secuencia_Optima'!$L$26-'06_Secuencia_Optima'!$AB$26)*'06_Secuencia_Optima'!$H$26/480),6))-INT(ROUND(MIN('06_Secuencia_Optima'!$G$26,MAX(0,'07_Calendario'!$G$22-'06_Secuencia_Optima'!$L$26-'06_Secuencia_Optima'!$AB$26)*'06_Secuencia_Optima'!$H$26/480),6))) -> 0 | V7: =IF('07_Calendario'!$E$23=0,"",INT(ROUND(MIN('06_Secuencia_Optima'!$G$26,MAX(0,'07_Calendario'!$H$23-'06_Secuencia_Optima'!$L$26-'06_Secuencia_Optima'!$AB$26)*'06_Secuencia_Optima'!$H$26/480),6))-INT(ROUND(MIN('06_Secuencia_Optima'!$G$26,MAX(0,'07_Calendario'!$G$23-'06_Secuencia_Optima'!$L$26-'06_Secuencia_Optima'!$AB$26)*'06_Secuencia_Optima'!$H$26/480),6))) -> 0 | W7: =IF('07_Calendario'!$E$24=0,"",INT(ROUND(MIN('06_Secuencia_Optima'!$G$26,MAX(0,'07_Calendario'!$H$24-'06_Secuencia_Optima'!$L$26-'06_Secuencia_Optima'!$AB$26)*'06_Secuencia_Optima'!$H$26/480),6))-INT(ROUND(MIN('06_Secuencia_Optima'!$G$26,MAX(0,'07_Calendario'!$G$24-'06_Secuencia_Optima'!$L$26-'06_Secuencia_Optima'!$AB$26)*'06_Secuencia_Optima'!$H$26/480),6))) -> 0 | X7: =IF('07_Calendario'!$E$25=0,"",INT(ROUND(MIN('06_Secuencia_Optima'!$G$26,MAX(0,'07_Calendario'!$H$25-'06_Secuencia_Optima'!$L$26-'06_Secuencia_Optima'!$AB$26)*'06_Secuencia_Optima'!$H$26/480),6))-INT(ROUND(MIN('06_Secuencia_Optima'!$G$26,MAX(0,'07_Calendario'!$G$25-'06_Secuencia_Optima'!$L$26-'06_Secuencia_Optima'!$AB$26)*'06_Secuencia_Optima'!$H$26/480),6))) -> 0 | Y7: =IF('07_Calendario'!$E$26=0,"",INT(ROUND(MIN('06_Secuencia_Optima'!$G$26,MAX(0,'07_Calendario'!$H$26-'06_Secuencia_Optima'!$L$26-'06_Secuencia_Optima'!$AB$26)*'06_Secuencia_Optima'!$H$26/480),6))-INT(ROUND(MIN('06_Secuencia_Optima'!$G$26,MAX(0,'07_Calendario'!$G$26-'06_Secuencia_Optima'!$L$26-'06_Secuencia_Optima'!$AB$26)*'06_Secuencia_Optima'!$H$26/480),6))) -> 0 | Z7: =IF('07_Calendario'!$E$27=0,"",INT(ROUND(MIN('06_Secuencia_Optima'!$G$26,MAX(0,'07_Calendario'!$H$27-'06_Secuencia_Optima'!$L$26-'06_Secuencia_Optima'!$AB$26)*'06_Secuencia_Optima'!$H$26/480),6))-INT(ROUND(MIN('06_Secuencia_Optima'!$G$26,MAX(0,'07_Calendario'!$G$27-'06_Secuencia_Optima'!$L$26-'06_Secuencia_Optima'!$AB$26)*'06_Secuencia_Optima'!$H$26/480),6))) -> 0 | AA7: =IF('07_Calendario'!$E$28=0,"",INT(ROUND(MIN('06_Secuencia_Optima'!$G$26,MAX(0,'07_Calendario'!$H$28-'06_Secuencia_Optima'!$L$26-'06_Secuencia_Optima'!$AB$26)*'06_Secuencia_Optima'!$H$26/480),6))-INT(ROUND(MIN('06_Secuencia_Optima'!$G$26,MAX(0,'07_Calendario'!$G$28-'06_Secuencia_Optima'!$L$26-'06_Secuencia_Optima'!$AB$26)*'06_Secuencia_Optima'!$H$26/480),6))) -> 0 | AB7: =IF('07_Calendario'!$E$29=0,"",INT(ROUND(MIN('06_Secuencia_Optima'!$G$26,MAX(0,'07_Calendario'!$H$29-'06_Secuencia_Optima'!$L$26-'06_Secuencia_Optima'!$AB$26)*'06_Secuencia_Optima'!$H$26/480),6))-INT(ROUND(MIN('06_Secuencia_Optima'!$G$26,MAX(0,'07_Calendario'!$G$29-'06_Secuencia_Optima'!$L$26-'06_Secuencia_Optima'!$AB$26)*'06_Secuencia_Optima'!$H$26/480),6))) -> 0 | AC7: =IF('07_Calendario'!$E$30=0,"",INT(ROUND(MIN('06_Secuencia_Optima'!$G$26,MAX(0,'07_Calendario'!$H$30-'06_Secuencia_Optima'!$L$26-'06_Secuencia_Optima'!$AB$26)*'06_Secuencia_Optima'!$H$26/480),6))-INT(ROUND(MIN('06_Secuencia_Optima'!$G$26,MAX(0,'07_Calendario'!$G$30-'06_Secuencia_Optima'!$L$26-'06_Secuencia_Optima'!$AB$26)*'06_Secuencia_Optima'!$H$26/480),6))) -> 0 | AD7: =IF('07_Calendario'!$E$31=0,"",INT(ROUND(MIN('06_Secuencia_Optima'!$G$26,MAX(0,'07_Calendario'!$H$31-'06_Secuencia_Optima'!$L$26-'06_Secuencia_Optima'!$AB$26)*'06_Secuencia_Optima'!$H$26/480),6))-INT(ROUND(MIN('06_Secuencia_Optima'!$G$26,MAX(0,'07_Calendario'!$G$31-'06_Secuencia_Optima'!$L$26-'06_Secuencia_Optima'!$AB$26)*'06_Secuencia_Optima'!$H$26/480),6))) -> 0 | AE7: =IF('07_Calendario'!$E$32=0,"",INT(ROUND(MIN('06_Secuencia_Optima'!$G$26,MAX(0,'07_Calendario'!$H$32-'06_Secuencia_Optima'!$L$26-'06_Secuencia_Optima'!$AB$26)*'06_Secuencia_Optima'!$H$26/480),6))-INT(ROUND(MIN('06_Secuencia_Optima'!$G$26,MAX(0,'07_Calendario'!$G$32-'06_Secuencia_Optima'!$L$26-'06_Secuencia_Optima'!$AB$26)*'06_Secuencia_Optima'!$H$26/480),6))) -> 0 | AF7: =IF('07_Calendario'!$E$33=0,"",INT(ROUND(MIN('06_Secuencia_Optima'!$G$26,MAX(0,'07_Calendario'!$H$33-'06_Secuencia_Optima'!$L$26-'06_Secuencia_Optima'!$AB$26)*'06_Secuencia_Optima'!$H$26/480),6))-INT(ROUND(MIN('06_Secuencia_Optima'!$G$26,MAX(0,'07_Calendario'!$G$33-'06_Secuencia_Optima'!$L$26-'06_Secuencia_Optima'!$AB$26)*'06_Secuencia_Optima'!$H$26/480),6))) -> 0 | AG7: =IF('07_Calendario'!$E$34=0,"",INT(ROUND(MIN('06_Secuencia_Optima'!$G$26,MAX(0,'07_Calendario'!$H$34-'06_Secuencia_Optima'!$L$26-'06_Secuencia_Optima'!$AB$26)*'06_Secuencia_Optima'!$H$26/480),6))-INT(ROUND(MIN('06_Secuencia_Optima'!$G$26,MAX(0,'07_Calendario'!$G$34-'06_Secuencia_Optima'!$L$26-'06_Secuencia_Optima'!$AB$26)*'06_Secuencia_Optima'!$H$26/480),6))) -> 0 | AH7: =IF('07_Calendario'!$E$35=0,"",INT(ROUND(MIN('06_Secuencia_Optima'!$G$26,MAX(0,'07_Calendario'!$H$35-'06_Secuencia_Optima'!$L$26-'06_Secuencia_Optima'!$AB$26)*'06_Secuencia_Optima'!$H$26/480),6))-INT(ROUND(MIN('06_Secuencia_Optima'!$G$26,MAX(0,'07_Calendario'!$G$35-'06_Secuencia_Optima'!$L$26-'06_Secuencia_Optima'!$AB$26)*'06_Secuencia_Optima'!$H$26/480),6))) -> 0 | AI7: =IF('07_Calendario'!$E$36=0,"",INT(ROUND(MIN('06_Secuencia_Optima'!$G$26,MAX(0,'07_Calendario'!$H$36-'06_Secuencia_Optima'!$L$26-'06_Secuencia_Optima'!$AB$26)*'06_Secuencia_Optima'!$H$26/480),6))-INT(ROUND(MIN('06_Secuencia_Optima'!$G$26,MAX(0,'07_Calendario'!$G$36-'06_Secuencia_Optima'!$L$26-'06_Secuencia_Optima'!$AB$26)*'06_Secuencia_Optima'!$H$26/480),6))) -> 0 | AJ7: =IF('07_Calendario'!$E$37=0,"",INT(ROUND(MIN('06_Secuencia_Optima'!$G$26,MAX(0,'07_Calendario'!$H$37-'06_Secuencia_Optima'!$L$26-'06_Secuencia_Optima'!$AB$26)*'06_Secuencia_Optima'!$H$26/480),6))-INT(ROUND(MIN('06_Secuencia_Optima'!$G$26,MAX(0,'07_Calendario'!$G$37-'06_Secuencia_Optima'!$L$26-'06_Secuencia_Optima'!$AB$26)*'06_Secuencia_Optima'!$H$26/480),6))) | AK7: =IF('07_Calendario'!$E$38=0,"",INT(ROUND(MIN('06_Secuencia_Optima'!$G$26,MAX(0,'07_Calendario'!$H$38-'06_Secuencia_Optima'!$L$26-'06_Secuencia_Optima'!$AB$26)*'06_Secuencia_Optima'!$H$26/480),6))-INT(ROUND(MIN('06_Secuencia_Optima'!$G$26,MAX(0,'07_Calendario'!$G$38-'06_Secuencia_Optima'!$L$26-'06_Secuencia_Optima'!$AB$26)*'06_Secuencia_Optima'!$H$26/480),6))) -> 0 | AL7: =IF('07_Calendario'!$E$39=0,"",INT(ROUND(MIN('06_Secuencia_Optima'!$G$26,MAX(0,'07_Calendario'!$H$39-'06_Secuencia_Optima'!$L$26-'06_Secuencia_Optima'!$AB$26)*'06_Secuencia_Optima'!$H$26/480),6))-INT(ROUND(MIN('06_Secuencia_Optima'!$G$26,MAX(0,'07_Calendario'!$G$39-'06_Secuencia_Optima'!$L$26-'06_Secuencia_Optima'!$AB$26)*'06_Secuencia_Optima'!$H$26/480),6))) -> 0 | AM7: =IF('07_Calendario'!$E$40=0,"",INT(ROUND(MIN('06_Secuencia_Optima'!$G$26,MAX(0,'07_Calendario'!$H$40-'06_Secuencia_Optima'!$L$26-'06_Secuencia_Optima'!$AB$26)*'06_Secuencia_Optima'!$H$26/480),6))-INT(ROUND(MIN('06_Secuencia_Optima'!$G$26,MAX(0,'07_Calendario'!$G$40-'06_Secuencia_Optima'!$L$26-'06_Secuencia_Optima'!$AB$26)*'06_Secuencia_Optima'!$H$26/480),6))) -> 0 | AN7: =IF('07_Calendario'!$E$41=0,"",INT(ROUND(MIN('06_Secuencia_Optima'!$G$26,MAX(0,'07_Calendario'!$H$41-'06_Secuencia_Optima'!$L$26-'06_Secuencia_Optima'!$AB$26)*'06_Secuencia_Optima'!$H$26/480),6))-INT(ROUND(MIN('06_Secuencia_Optima'!$G$26,MAX(0,'07_Calendario'!$G$41-'06_Secuencia_Optima'!$L$26-'06_Secuencia_Optima'!$AB$26)*'06_Secuencia_Optima'!$H$26/480),6))) -> 0 | AO7: =IF('07_Calendario'!$E$42=0,"",INT(ROUND(MIN('06_Secuencia_Optima'!$G$26,MAX(0,'07_Calendario'!$H$42-'06_Secuencia_Optima'!$L$26-'06_Secuencia_Optima'!$AB$26)*'06_Secuencia_Optima'!$H$26/480),6))-INT(ROUND(MIN('06_Secuencia_Optima'!$G$26,MAX(0,'07_Calendario'!$G$42-'06_Secuencia_Optima'!$L$26-'06_Secuencia_Optima'!$AB$26)*'06_Secuencia_Optima'!$H$26/480),6))) -> 0 | AP7: =IF('07_Calendario'!$E$43=0,"",INT(ROUND(MIN('06_Secuencia_Optima'!$G$26,MAX(0,'07_Calendario'!$H$43-'06_Secuencia_Optima'!$L$26-'06_Secuencia_Optima'!$AB$26)*'06_Secuencia_Optima'!$H$26/480),6))-INT(ROUND(MIN('06_Secuencia_Optima'!$G$26,MAX(0,'07_Calendario'!$G$43-'06_Secuencia_Optima'!$L$26-'06_Secuencia_Optima'!$AB$26)*'06_Secuencia_Optima'!$H$26/480),6))) -> 0 | AQ7: =IF('07_Calendario'!$E$44=0,"",INT(ROUND(MIN('06_Secuencia_Optima'!$G$26,MAX(0,'07_Calendario'!$H$44-'06_Secuencia_Optima'!$L$26-'06_Secuencia_Optima'!$AB$26)*'06_Secuencia_Optima'!$H$26/480),6))-INT(ROUND(MIN('06_Secuencia_Optima'!$G$26,MAX(0,'07_Calendario'!$G$44-'06_Secuencia_Optima'!$L$26-'06_Secuencia_Optima'!$AB$26)*'06_Secuencia_Optima'!$H$26/480),6))) -> 0 | AR7: =IF('07_Calendario'!$E$45=0,"",INT(ROUND(MIN('06_Secuencia_Optima'!$G$26,MAX(0,'07_Calendario'!$H$45-'06_Secuencia_Optima'!$L$26-'06_Secuencia_Optima'!$AB$26)*'06_Secuencia_Optima'!$H$26/480),6))-INT(ROUND(MIN('06_Secuencia_Optima'!$G$26,MAX(0,'07_Calendario'!$G$45-'06_Secuencia_Optima'!$L$26-'06_Secuencia_Optima'!$AB$26)*'06_Secuencia_Optima'!$H$26/480),6))) -> 0 | AS7: =IF('07_Calendario'!$E$46=0,"",INT(ROUND(MIN('06_Secuencia_Optima'!$G$26,MAX(0,'07_Calendario'!$H$46-'06_Secuencia_Optima'!$L$26-'06_Secuencia_Optima'!$AB$26)*'06_Secuencia_Optima'!$H$26/480),6))-INT(ROUND(MIN('06_Secuencia_Optima'!$G$26,MAX(0,'07_Calendario'!$G$46-'06_Secuencia_Optima'!$L$26-'06_Secuencia_Optima'!$AB$26)*'06_Secuencia_Optima'!$H$26/480),6))) -> 0 | AT7: =IF('07_Calendario'!$E$47=0,"",INT(ROUND(MIN('06_Secuencia_Optima'!$G$26,MAX(0,'07_Calendario'!$H$47-'06_Secuencia_Optima'!$L$26-'06_Secuencia_Optima'!$AB$26)*'06_Secuencia_Optima'!$H$26/480),6))-INT(ROUND(MIN('06_Secuencia_Optima'!$G$26,MAX(0,'07_Calendario'!$G$47-'06_Secuencia_Optima'!$L$26-'06_Secuencia_Optima'!$AB$26)*'06_Secuencia_Optima'!$H$26/480),6))) -> 0 | AU7: =IF('07_Calendario'!$E$48=0,"",INT(ROUND(MIN('06_Secuencia_Optima'!$G$26,MAX(0,'07_Calendario'!$H$48-'06_Secuencia_Optima'!$L$26-'06_Secuencia_Optima'!$AB$26)*'06_Secuencia_Optima'!$H$26/480),6))-INT(ROUND(MIN('06_Secuencia_Optima'!$G$26,MAX(0,'07_Calendario'!$G$48-'06_Secuencia_Optima'!$L$26-'06_Secuencia_Optima'!$AB$26)*'06_Secuencia_Optima'!$H$26/480),6))) -> 0 | AV7: =IF('07_Calendario'!$E$49=0,"",INT(ROUND(MIN('06_Secuencia_Optima'!$G$26,MAX(0,'07_Calendario'!$H$49-'06_Secuencia_Optima'!$L$26-'06_Secuencia_Optima'!$AB$26)*'06_Secuencia_Optima'!$H$26/480),6))-INT(ROUND(MIN('06_Secuencia_Optima'!$G$26,MAX(0,'07_Calendario'!$G$49-'06_Secuencia_Optima'!$L$26-'06_Secuencia_Optima'!$AB$26)*'06_Secuencia_Optima'!$H$26/480),6))) -> 0 | AW7: =IF('07_Calendario'!$E$50=0,"",INT(ROUND(MIN('06_Secuencia_Optima'!$G$26,MAX(0,'07_Calendario'!$H$50-'06_Secuencia_Optima'!$L$26-'06_Secuencia_Optima'!$AB$26)*'06_Secuencia_Optima'!$H$26/480),6))-INT(ROUND(MIN('06_Secuencia_Optima'!$G$26,MAX(0,'07_Calendario'!$G$50-'06_Secuencia_Optima'!$L$26-'06_Secuencia_Optima'!$AB$26)*'06_Secuencia_Optima'!$H$26/480),6))) -> 0 | AX7: =IF('07_Calendario'!$E$51=0,"",INT(ROUND(MIN('06_Secuencia_Optima'!$G$26,MAX(0,'07_Calendario'!$H$51-'06_Secuencia_Optima'!$L$26-'06_Secuencia_Optima'!$AB$26)*'06_Secuencia_Optima'!$H$26/480),6))-INT(ROUND(MIN('06_Secuencia_Optima'!$G$26,MAX(0,'07_Calendario'!$G$51-'06_Secuencia_Optima'!$L$26-'06_Secuencia_Optima'!$AB$26)*'06_Secuencia_Optima'!$H$26/480),6))) -> 0 | AY7: =IF('07_Calendario'!$E$52=0,"",INT(ROUND(MIN('06_Secuencia_Optima'!$G$26,MAX(0,'07_Calendario'!$H$52-'06_Secuencia_Optima'!$L$26-'06_Secuencia_Optima'!$AB$26)*'06_Secuencia_Optima'!$H$26/480),6))-INT(ROUND(MIN('06_Secuencia_Optima'!$G$26,MAX(0,'07_Calendario'!$G$52-'06_Secuencia_Optima'!$L$26-'06_Secuencia_Optima'!$AB$26)*'06_Secuencia_Optima'!$H$26/480),6))) -> 0 | AZ7: =IF('07_Calendario'!$E$53=0,"",INT(ROUND(MIN('06_Secuencia_Optima'!$G$26,MAX(0,'07_Calendario'!$H$53-'06_Secuencia_Optima'!$L$26-'06_Secuencia_Optima'!$AB$26)*'06_Secuencia_Optima'!$H$26/480),6))-INT(ROUND(MIN('06_Secuencia_Optima'!$G$26,MAX(0,'07_Calendario'!$G$53-'06_Secuencia_Optima'!$L$26-'06_Secuencia_Optima'!$AB$26)*'06_Secuencia_Optima'!$H$26/480),6))) -> 0 | BA7: =IF('07_Calendario'!$E$54=0,"",INT(ROUND(MIN('06_Secuencia_Optima'!$G$26,MAX(0,'07_Calendario'!$H$54-'06_Secuencia_Optima'!$L$26-'06_Secuencia_Optima'!$AB$26)*'06_Secuencia_Optima'!$H$26/480),6))-INT(ROUND(MIN('06_Secuencia_Optima'!$G$26,MAX(0,'07_Calendario'!$G$54-'06_Secuencia_Optima'!$L$26-'06_Secuencia_Optima'!$AB$26)*'06_Secuencia_Optima'!$H$26/480),6))) -> 0 | BB7: =IF('07_Calendario'!$E$55=0,"",INT(ROUND(MIN('06_Secuencia_Optima'!$G$26,MAX(0,'07_Calendario'!$H$55-'06_Secuencia_Optima'!$L$26-'06_Secuencia_Optima'!$AB$26)*'06_Secuencia_Optima'!$H$26/480),6))-INT(ROUND(MIN('06_Secuencia_Optima'!$G$26,MAX(0,'07_Calendario'!$G$55-'06_Secuencia_Optima'!$L$26-'06_Secuencia_Optima'!$AB$26)*'06_Secuencia_Optima'!$H$26/480),6))) | BC7: =IF('07_Calendario'!$E$56=0,"",INT(ROUND(MIN('06_Secuencia_Optima'!$G$26,MAX(0,'07_Calendario'!$H$56-'06_Secuencia_Optima'!$L$26-'06_Secuencia_Optima'!$AB$26)*'06_Secuencia_Optima'!$H$26/480),6))-INT(ROUND(MIN('06_Secuencia_Optima'!$G$26,MAX(0,'07_Calendario'!$G$56-'06_Secuencia_Optima'!$L$26-'06_Secuencia_Optima'!$AB$26)*'06_Secuencia_Optima'!$H$26/480),6))) -> 0 | BD7: =IF('07_Calendario'!$E$57=0,"",INT(ROUND(MIN('06_Secuencia_Optima'!$G$26,MAX(0,'07_Calendario'!$H$57-'06_Secuencia_Optima'!$L$26-'06_Secuencia_Optima'!$AB$26)*'06_Secuencia_Optima'!$H$26/480),6))-INT(ROUND(MIN('06_Secuencia_Optima'!$G$26,MAX(0,'07_Calendario'!$G$57-'06_Secuencia_Optima'!$L$26-'06_Secuencia_Optima'!$AB$26)*'06_Secuencia_Optima'!$H$26/480),6))) -> 0 | BE7: =IF('07_Calendario'!$E$58=0,"",INT(ROUND(MIN('06_Secuencia_Optima'!$G$26,MAX(0,'07_Calendario'!$H$58-'06_Secuencia_Optima'!$L$26-'06_Secuencia_Optima'!$AB$26)*'06_Secuencia_Optima'!$H$26/480),6))-INT(ROUND(MIN('06_Secuencia_Optima'!$G$26,MAX(0,'07_Calendario'!$G$58-'06_Secuencia_Optima'!$L$26-'06_Secuencia_Optima'!$AB$26)*'06_Secuencia_Optima'!$H$26/480),6))) -> 0 | BF7: =IF('07_Calendario'!$E$59=0,"",INT(ROUND(MIN('06_Secuencia_Optima'!$G$26,MAX(0,'07_Calendario'!$H$59-'06_Secuencia_Optima'!$L$26-'06_Secuencia_Optima'!$AB$26)*'06_Secuencia_Optima'!$H$26/480),6))-INT(ROUND(MIN('06_Secuencia_Optima'!$G$26,MAX(0,'07_Calendario'!$G$59-'06_Secuencia_Optima'!$L$26-'06_Secuencia_Optima'!$AB$26)*'06_Secuencia_Optima'!$H$26/480),6))) -> 0 | BG7: =IF('07_Calendario'!$E$60=0,"",INT(ROUND(MIN('06_Secuencia_Optima'!$G$26,MAX(0,'07_Calendario'!$H$60-'06_Secuencia_Optima'!$L$26-'06_Secuencia_Optima'!$AB$26)*'06_Secuencia_Optima'!$H$26/480),6))-INT(ROUND(MIN('06_Secuencia_Optima'!$G$26,MAX(0,'07_Calendario'!$G$60-'06_Secuencia_Optima'!$L$26-'06_Secuencia_Optima'!$AB$26)*'06_Secuencia_Optima'!$H$26/480),6))) -> 0 | BH7: =IF('07_Calendario'!$E$61=0,"",INT(ROUND(MIN('06_Secuencia_Optima'!$G$26,MAX(0,'07_Calendario'!$H$61-'06_Secuencia_Optima'!$L$26-'06_Secuencia_Optima'!$AB$26)*'06_Secuencia_Optima'!$H$26/480),6))-INT(ROUND(MIN('06_Secuencia_Optima'!$G$26,MAX(0,'07_Calendario'!$G$61-'06_Secuencia_Optima'!$L$26-'06_Secuencia_Optima'!$AB$26)*'06_Secuencia_Optima'!$H$26/480),6))) -> 0 | BI7: =IF('07_Calendario'!$E$62=0,"",INT(ROUND(MIN('06_Secuencia_Optima'!$G$26,MAX(0,'07_Calendario'!$H$62-'06_Secuencia_Optima'!$L$26-'06_Secuencia_Optima'!$AB$26)*'06_Secuencia_Optima'!$H$26/480),6))-INT(ROUND(MIN('06_Secuencia_Optima'!$G$26,MAX(0,'07_Calendario'!$G$62-'06_Secuencia_Optima'!$L$26-'06_Secuencia_Optima'!$AB$26)*'06_Secuencia_Optima'!$H$26/480),6))) -> 0 | BJ7: =IF('07_Calendario'!$E$63=0,"",INT(ROUND(MIN('06_Secuencia_Optima'!$G$26,MAX(0,'07_Calendario'!$H$63-'06_Secuencia_Optima'!$L$26-'06_Secuencia_Optima'!$AB$26)*'06_Secuencia_Optima'!$H$26/480),6))-INT(ROUND(MIN('06_Secuencia_Optima'!$G$26,MAX(0,'07_Calendario'!$G$63-'06_Secuencia_Optima'!$L$26-'06_Secuencia_Optima'!$AB$26)*'06_Secuencia_Optima'!$H$26/480),6))) -> 0 | BK7: =IF('07_Calendario'!$E$64=0,"",INT(ROUND(MIN('06_Secuencia_Optima'!$G$26,MAX(0,'07_Calendario'!$H$64-'06_Secuencia_Optima'!$L$26-'06_Secuencia_Optima'!$AB$26)*'06_Secuencia_Optima'!$H$26/480),6))-INT(ROUND(MIN('06_Secuencia_Optima'!$G$26,MAX(0,'07_Calendario'!$G$64-'06_Secuencia_Optima'!$L$26-'06_Secuencia_Optima'!$AB$26)*'06_Secuencia_Optima'!$H$26/480),6))) -> 0 | BL7: =IF('07_Calendario'!$E$65=0,"",INT(ROUND(MIN('06_Secuencia_Optima'!$G$26,MAX(0,'07_Calendario'!$H$65-'06_Secuencia_Optima'!$L$26-'06_Secuencia_Optima'!$AB$26)*'06_Secuencia_Optima'!$H$26/480),6))-INT(ROUND(MIN('06_Secuencia_Optima'!$G$26,MAX(0,'07_Calendario'!$G$65-'06_Secuencia_Optima'!$L$26-'06_Secuencia_Optima'!$AB$26)*'06_Secuencia_Optima'!$H$26/480),6))) -> 0 | BM7: =IF('07_Calendario'!$E$66=0,"",INT(ROUND(MIN('06_Secuencia_Optima'!$G$26,MAX(0,'07_Calendario'!$H$66-'06_Secuencia_Optima'!$L$26-'06_Secuencia_Optima'!$AB$26)*'06_Secuencia_Optima'!$H$26/480),6))-INT(ROUND(MIN('06_Secuencia_Optima'!$G$26,MAX(0,'07_Calendario'!$G$66-'06_Secuencia_Optima'!$L$26-'06_Secuencia_Optima'!$AB$26)*'06_Secuencia_Optima'!$H$26/480),6))) -> 0 | BN7: =IF('07_Calendario'!$E$67=0,"",INT(ROUND(MIN('06_Secuencia_Optima'!$G$26,MAX(0,'07_Calendario'!$H$67-'06_Secuencia_Optima'!$L$26-'06_Secuencia_Optima'!$AB$26)*'06_Secuencia_Optima'!$H$26/480),6))-INT(ROUND(MIN('06_Secuencia_Optima'!$G$26,MAX(0,'07_Calendario'!$G$67-'06_Secuencia_Optima'!$L$26-'06_Secuencia_Optima'!$AB$26)*'06_Secuencia_Optima'!$H$26/480),6))) -> 0 | BO7: =IF('07_Calendario'!$E$68=0,"",INT(ROUND(MIN('06_Secuencia_Optima'!$G$26,MAX(0,'07_Calendario'!$H$68-'06_Secuencia_Optima'!$L$26-'06_Secuencia_Optima'!$AB$26)*'06_Secuencia_Optima'!$H$26/480),6))-INT(ROUND(MIN('06_Secuencia_Optima'!$G$26,MAX(0,'07_Calendario'!$G$68-'06_Secuencia_Optima'!$L$26-'06_Secuencia_Optima'!$AB$26)*'06_Secuencia_Optima'!$H$26/480),6))) -> 0 | BP7: =IF('07_Calendario'!$E$69=0,"",INT(ROUND(MIN('06_Secuencia_Optima'!$G$26,MAX(0,'07_Calendario'!$H$69-'06_Secuencia_Optima'!$L$26-'06_Secuencia_Optima'!$AB$26)*'06_Secuencia_Optima'!$H$26/480),6))-INT(ROUND(MIN('06_Secuencia_Optima'!$G$26,MAX(0,'07_Calendario'!$G$69-'06_Secuencia_Optima'!$L$26-'06_Secuencia_Optima'!$AB$26)*'06_Secuencia_Optima'!$H$26/480),6))) -> 0 | BQ7: =IF('07_Calendario'!$E$70=0,"",INT(ROUND(MIN('06_Secuencia_Optima'!$G$26,MAX(0,'07_Calendario'!$H$70-'06_Secuencia_Optima'!$L$26-'06_Secuencia_Optima'!$AB$26)*'06_Secuencia_Optima'!$H$26/480),6))-INT(ROUND(MIN('06_Secuencia_Optima'!$G$26,MAX(0,'07_Calendario'!$G$70-'06_Secuencia_Optima'!$L$26-'06_Secuencia_Optima'!$AB$26)*'06_Secuencia_Optima'!$H$26/480),6))) -> 0 | BR7: =IF('07_Calendario'!$E$71=0,"",INT(ROUND(MIN('06_Secuencia_Optima'!$G$26,MAX(0,'07_Calendario'!$H$71-'06_Secuencia_Optima'!$L$26-'06_Secuencia_Optima'!$AB$26)*'06_Secuencia_Optima'!$H$26/480),6))-INT(ROUND(MIN('06_Secuencia_Optima'!$G$26,MAX(0,'07_Calendario'!$G$71-'06_Secuencia_Optima'!$L$26-'06_Secuencia_Optima'!$AB$26)*'06_Secuencia_Optima'!$H$26/480),6))) -> 0 | BS7: =IF('07_Calendario'!$E$72=0,"",INT(ROUND(MIN('06_Secuencia_Optima'!$G$26,MAX(0,'07_Calendario'!$H$72-'06_Secuencia_Optima'!$L$26-'06_Secuencia_Optima'!$AB$26)*'06_Secuencia_Optima'!$H$26/480),6))-INT(ROUND(MIN('06_Secuencia_Optima'!$G$26,MAX(0,'07_Calendario'!$G$72-'06_Secuencia_Optima'!$L$26-'06_Secuencia_Optima'!$AB$26)*'06_Secuencia_Optima'!$H$26/480),6))) -> 0 | BT7: =IF('07_Calendario'!$E$73=0,"",INT(ROUND(MIN('06_Secuencia_Optima'!$G$26,MAX(0,'07_Calendario'!$H$73-'06_Secuencia_Optima'!$L$26-'06_Secuencia_Optima'!$AB$26)*'06_Secuencia_Optima'!$H$26/480),6))-INT(ROUND(MIN('06_Secuencia_Optima'!$G$26,MAX(0,'07_Calendario'!$G$73-'06_Secuencia_Optima'!$L$26-'06_Secuencia_Optima'!$AB$26)*'06_Secuencia_Optima'!$H$26/480),6))) | BU7: =IF('07_Calendario'!$E$74=0,"",INT(ROUND(MIN('06_Secuencia_Optima'!$G$26,MAX(0,'07_Calendario'!$H$74-'06_Secuencia_Optima'!$L$26-'06_Secuencia_Optima'!$AB$26)*'06_Secuencia_Optima'!$H$26/480),6))-INT(ROUND(MIN('06_Secuencia_Optima'!$G$26,MAX(0,'07_Calendario'!$G$74-'06_Secuencia_Optima'!$L$26-'06_Secuencia_Optima'!$AB$26)*'06_Secuencia_Optima'!$H$26/480),6))) -> 0 | BV7: =IF('07_Calendario'!$E$75=0,"",INT(ROUND(MIN('06_Secuencia_Optima'!$G$26,MAX(0,'07_Calendario'!$H$75-'06_Secuencia_Optima'!$L$26-'06_Secuencia_Optima'!$AB$26)*'06_Secuencia_Optima'!$H$26/480),6))-INT(ROUND(MIN('06_Secuencia_Optima'!$G$26,MAX(0,'07_Calendario'!$G$75-'06_Secuencia_Optima'!$L$26-'06_Secuencia_Optima'!$AB$26)*'06_Secuencia_Optima'!$H$26/480),6))) -> 0 | BW7: =IF('07_Calendario'!$E$76=0,"",INT(ROUND(MIN('06_Secuencia_Optima'!$G$26,MAX(0,'07_Calendario'!$H$76-'06_Secuencia_Optima'!$L$26-'06_Secuencia_Optima'!$AB$26)*'06_Secuencia_Optima'!$H$26/480),6))-INT(ROUND(MIN('06_Secuencia_Optima'!$G$26,MAX(0,'07_Calendario'!$G$76-'06_Secuencia_Optima'!$L$26-'06_Secuencia_Optima'!$AB$26)*'06_Secuencia_Optima'!$H$26/480),6))) -> 0 | BX7: =IF('07_Calendario'!$E$77=0,"",INT(ROUND(MIN('06_Secuencia_Optima'!$G$26,MAX(0,'07_Calendario'!$H$77-'06_Secuencia_Optima'!$L$26-'06_Secuencia_Optima'!$AB$26)*'06_Secuencia_Optima'!$H$26/480),6))-INT(ROUND(MIN('06_Secuencia_Optima'!$G$26,MAX(0,'07_Calendario'!$G$77-'06_Secuencia_Optima'!$L$26-'06_Secuencia_Optima'!$AB$26)*'06_Secuencia_Optima'!$H$26/480),6))) -> 0 | BY7: =IF('07_Calendario'!$E$78=0,"",INT(ROUND(MIN('06_Secuencia_Optima'!$G$26,MAX(0,'07_Calendario'!$H$78-'06_Secuencia_Optima'!$L$26-'06_Secuencia_Optima'!$AB$26)*'06_Secuencia_Optima'!$H$26/480),6))-INT(ROUND(MIN('06_Secuencia_Optima'!$G$26,MAX(0,'07_Calendario'!$G$78-'06_Secuencia_Optima'!$L$26-'06_Secuencia_Optima'!$AB$26)*'06_Secuencia_Optima'!$H$26/480),6))) -> 0 | BZ7: =IF('07_Calendario'!$E$79=0,"",INT(ROUND(MIN('06_Secuencia_Optima'!$G$26,MAX(0,'07_Calendario'!$H$79-'06_Secuencia_Optima'!$L$26-'06_Secuencia_Optima'!$AB$26)*'06_Secuencia_Optima'!$H$26/480),6))-INT(ROUND(MIN('06_Secuencia_Optima'!$G$26,MAX(0,'07_Calendario'!$G$79-'06_Secuencia_Optima'!$L$26-'06_Secuencia_Optima'!$AB$26)*'06_Secuencia_Optima'!$H$26/480),6))) -> 0 | CA7: =IF('07_Calendario'!$E$80=0,"",INT(ROUND(MIN('06_Secuencia_Optima'!$G$26,MAX(0,'07_Calendario'!$H$80-'06_Secuencia_Optima'!$L$26-'06_Secuencia_Optima'!$AB$26)*'06_Secuencia_Optima'!$H$26/480),6))-INT(ROUND(MIN('06_Secuencia_Optima'!$G$26,MAX(0,'07_Calendario'!$G$80-'06_Secuencia_Optima'!$L$26-'06_Secuencia_Optima'!$AB$26)*'06_Secuencia_Optima'!$H$26/480),6))) -> 0 | CB7: =IF('07_Calendario'!$E$81=0,"",INT(ROUND(MIN('06_Secuencia_Optima'!$G$26,MAX(0,'07_Calendario'!$H$81-'06_Secuencia_Optima'!$L$26-'06_Secuencia_Optima'!$AB$26)*'06_Secuencia_Optima'!$H$26/480),6))-INT(ROUND(MIN('06_Secuencia_Optima'!$G$26,MAX(0,'07_Calendario'!$G$81-'06_Secuencia_Optima'!$L$26-'06_Secuencia_Optima'!$AB$26)*'06_Secuencia_Optima'!$H$26/480),6))) -> 0 | CC7: =IF('07_Calendario'!$E$82=0,"",INT(ROUND(MIN('06_Secuencia_Optima'!$G$26,MAX(0,'07_Calendario'!$H$82-'06_Secuencia_Optima'!$L$26-'06_Secuencia_Optima'!$AB$26)*'06_Secuencia_Optima'!$H$26/480),6))-INT(ROUND(MIN('06_Secuencia_Optima'!$G$26,MAX(0,'07_Calendario'!$G$82-'06_Secuencia_Optima'!$L$26-'06_Secuencia_Optima'!$AB$26)*'06_Secuencia_Optima'!$H$26/480),6))) -> 0 | CD7: =SUM($D7:$CC7) -> 3834 | CE7: ='06_Secuencia_Optima'!$G$26 -> 3834 | CF7: =IF(CD7=CE7,"OK","DIF") -> OK
A8: ='06_Secuencia_Optima'!$B$27 -> 3643 | B8: ='06_Secuencia_Optima'!$C$27 -> SALSA ROSADA (12DP/1/380g) | C8: ='06_Secuencia_Optima'!$D$27 -> 3643 | D8: =IF('07_Calendario'!$E$5=0,"",INT(ROUND(MIN('06_Secuencia_Optima'!$G$27,MAX(0,'07_Calendario'!$H$5-'06_Secuencia_Optima'!$L$27-'06_Secuencia_Optima'!$AB$27)*'06_Secuencia_Optima'!$H$27/480),6))-INT(ROUND(MIN('06_Secuencia_Optima'!$G$27,MAX(0,'07_Calendario'!$G$5-'06_Secuencia_Optima'!$L$27-'06_Secuencia_Optima'!$AB$27)*'06_Secuencia_Optima'!$H$27/480),6))) -> 1845 | E8: =IF('07_Calendario'!$E$6=0,"",INT(ROUND(MIN('06_Secuencia_Optima'!$G$27,MAX(0,'07_Calendario'!$H$6-'06_Secuencia_Optima'!$L$27-'06_Secuencia_Optima'!$AB$27)*'06_Secuencia_Optima'!$H$27/480),6))-INT(ROUND(MIN('06_Secuencia_Optima'!$G$27,MAX(0,'07_Calendario'!$G$6-'06_Secuencia_Optima'!$L$27-'06_Secuencia_Optima'!$AB$27)*'06_Secuencia_Optima'!$H$27/480),6))) -> 1375 | F8: =IF('07_Calendario'!$E$7=0,"",INT(ROUND(MIN('06_Secuencia_Optima'!$G$27,MAX(0,'07_Calendario'!$H$7-'06_Secuencia_Optima'!$L$27-'06_Secuencia_Optima'!$AB$27)*'06_Secuencia_Optima'!$H$27/480),6))-INT(ROUND(MIN('06_Secuencia_Optima'!$G$27,MAX(0,'07_Calendario'!$G$7-'06_Secuencia_Optima'!$L$27-'06_Secuencia_Optima'!$AB$27)*'06_Secuencia_Optima'!$H$27/480),6))) -> 0 | G8: =IF('07_Calendario'!$E$8=0,"",INT(ROUND(MIN('06_Secuencia_Optima'!$G$27,MAX(0,'07_Calendario'!$H$8-'06_Secuencia_Optima'!$L$27-'06_Secuencia_Optima'!$AB$27)*'06_Secuencia_Optima'!$H$27/480),6))-INT(ROUND(MIN('06_Secuencia_Optima'!$G$27,MAX(0,'07_Calendario'!$G$8-'06_Secuencia_Optima'!$L$27-'06_Secuencia_Optima'!$AB$27)*'06_Secuencia_Optima'!$H$27/480),6))) -> 0 | H8: =IF('07_Calendario'!$E$9=0,"",INT(ROUND(MIN('06_Secuencia_Optima'!$G$27,MAX(0,'07_Calendario'!$H$9-'06_Secuencia_Optima'!$L$27-'06_Secuencia_Optima'!$AB$27)*'06_Secuencia_Optima'!$H$27/480),6))-INT(ROUND(MIN('06_Secuencia_Optima'!$G$27,MAX(0,'07_Calendario'!$G$9-'06_Secuencia_Optima'!$L$27-'06_Secuencia_Optima'!$AB$27)*'06_Secuencia_Optima'!$H$27/480),6))) -> 0 | I8: =IF('07_Calendario'!$E$10=0,"",INT(ROUND(MIN('06_Secuencia_Optima'!$G$27,MAX(0,'07_Calendario'!$H$10-'06_Secuencia_Optima'!$L$27-'06_Secuencia_Optima'!$AB$27)*'06_Secuencia_Optima'!$H$27/480),6))-INT(ROUND(MIN('06_Secuencia_Optima'!$G$27,MAX(0,'07_Calendario'!$G$10-'06_Secuencia_Optima'!$L$27-'06_Secuencia_Optima'!$AB$27)*'06_Secuencia_Optima'!$H$27/480),6))) -> 0 | J8: =IF('07_Calendario'!$E$11=0,"",INT(ROUND(MIN('06_Secuencia_Optima'!$G$27,MAX(0,'07_Calendario'!$H$11-'06_Secuencia_Optima'!$L$27-'06_Secuencia_Optima'!$AB$27)*'06_Secuencia_Optima'!$H$27/480),6))-INT(ROUND(MIN('06_Secuencia_Optima'!$G$27,MAX(0,'07_Calendario'!$G$11-'06_Secuencia_Optima'!$L$27-'06_Secuencia_Optima'!$AB$27)*'06_Secuencia_Optima'!$H$27/480),6))) -> 0 | K8: =IF('07_Calendario'!$E$12=0,"",INT(ROUND(MIN('06_Secuencia_Optima'!$G$27,MAX(0,'07_Calendario'!$H$12-'06_Secuencia_Optima'!$L$27-'06_Secuencia_Optima'!$AB$27)*'06_Secuencia_Optima'!$H$27/480),6))-INT(ROUND(MIN('06_Secuencia_Optima'!$G$27,MAX(0,'07_Calendario'!$G$12-'06_Secuencia_Optima'!$L$27-'06_Secuencia_Optima'!$AB$27)*'06_Secuencia_Optima'!$H$27/480),6))) -> 0 | L8: =IF('07_Calendario'!$E$13=0,"",INT(ROUND(MIN('06_Secuencia_Optima'!$G$27,MAX(0,'07_Calendario'!$H$13-'06_Secuencia_Optima'!$L$27-'06_Secuencia_Optima'!$AB$27)*'06_Secuencia_Optima'!$H$27/480),6))-INT(ROUND(MIN('06_Secuencia_Optima'!$G$27,MAX(0,'07_Calendario'!$G$13-'06_Secuencia_Optima'!$L$27-'06_Secuencia_Optima'!$AB$27)*'06_Secuencia_Optima'!$H$27/480),6))) -> 0 | M8: =IF('07_Calendario'!$E$14=0,"",INT(ROUND(MIN('06_Secuencia_Optima'!$G$27,MAX(0,'07_Calendario'!$H$14-'06_Secuencia_Optima'!$L$27-'06_Secuencia_Optima'!$AB$27)*'06_Secuencia_Optima'!$H$27/480),6))-INT(ROUND(MIN('06_Secuencia_Optima'!$G$27,MAX(0,'07_Calendario'!$G$14-'06_Secuencia_Optima'!$L$27-'06_Secuencia_Optima'!$AB$27)*'06_Secuencia_Optima'!$H$27/480),6))) -> 0 | N8: =IF('07_Calendario'!$E$15=0,"",INT(ROUND(MIN('06_Secuencia_Optima'!$G$27,MAX(0,'07_Calendario'!$H$15-'06_Secuencia_Optima'!$L$27-'06_Secuencia_Optima'!$AB$27)*'06_Secuencia_Optima'!$H$27/480),6))-INT(ROUND(MIN('06_Secuencia_Optima'!$G$27,MAX(0,'07_Calendario'!$G$15-'06_Secuencia_Optima'!$L$27-'06_Secuencia_Optima'!$AB$27)*'06_Secuencia_Optima'!$H$27/480),6))) -> 0 | O8: =IF('07_Calendario'!$E$16=0,"",INT(ROUND(MIN('06_Secuencia_Optima'!$G$27,MAX(0,'07_Calendario'!$H$16-'06_Secuencia_Optima'!$L$27-'06_Secuencia_Optima'!$AB$27)*'06_Secuencia_Optima'!$H$27/480),6))-INT(ROUND(MIN('06_Secuencia_Optima'!$G$27,MAX(0,'07_Calendario'!$G$16-'06_Secuencia_Optima'!$L$27-'06_Secuencia_Optima'!$AB$27)*'06_Secuencia_Optima'!$H$27/480),6))) -> 0 | P8: =IF('07_Calendario'!$E$17=0,"",INT(ROUND(MIN('06_Secuencia_Optima'!$G$27,MAX(0,'07_Calendario'!$H$17-'06_Secuencia_Optima'!$L$27-'06_Secuencia_Optima'!$AB$27)*'06_Secuencia_Optima'!$H$27/480),6))-INT(ROUND(MIN('06_Secuencia_Optima'!$G$27,MAX(0,'07_Calendario'!$G$17-'06_Secuencia_Optima'!$L$27-'06_Secuencia_Optima'!$AB$27)*'06_Secuencia_Optima'!$H$27/480),6))) -> 0 | Q8: =IF('07_Calendario'!$E$18=0,"",INT(ROUND(MIN('06_Secuencia_Optima'!$G$27,MAX(0,'07_Calendario'!$H$18-'06_Secuencia_Optima'!$L$27-'06_Secuencia_Optima'!$AB$27)*'06_Secuencia_Optima'!$H$27/480),6))-INT(ROUND(MIN('06_Secuencia_Optima'!$G$27,MAX(0,'07_Calendario'!$G$18-'06_Secuencia_Optima'!$L$27-'06_Secuencia_Optima'!$AB$27)*'06_Secuencia_Optima'!$H$27/480),6))) -> 0 | R8: =IF('07_Calendario'!$E$19=0,"",INT(ROUND(MIN('06_Secuencia_Optima'!$G$27,MAX(0,'07_Calendario'!$H$19-'06_Secuencia_Optima'!$L$27-'06_Secuencia_Optima'!$AB$27)*'06_Secuencia_Optima'!$H$27/480),6))-INT(ROUND(MIN('06_Secuencia_Optima'!$G$27,MAX(0,'07_Calendario'!$G$19-'06_Secuencia_Optima'!$L$27-'06_Secuencia_Optima'!$AB$27)*'06_Secuencia_Optima'!$H$27/480),6))) | S8: =IF('07_Calendario'!$E$20=0,"",INT(ROUND(MIN('06_Secuencia_Optima'!$G$27,MAX(0,'07_Calendario'!$H$20-'06_Secuencia_Optima'!$L$27-'06_Secuencia_Optima'!$AB$27)*'06_Secuencia_Optima'!$H$27/480),6))-INT(ROUND(MIN('06_Secuencia_Optima'!$G$27,MAX(0,'07_Calendario'!$G$20-'06_Secuencia_Optima'!$L$27-'06_Secuencia_Optima'!$AB$27)*'06_Secuencia_Optima'!$H$27/480),6))) -> 0 | T8: =IF('07_Calendario'!$E$21=0,"",INT(ROUND(MIN('06_Secuencia_Optima'!$G$27,MAX(0,'07_Calendario'!$H$21-'06_Secuencia_Optima'!$L$27-'06_Secuencia_Optima'!$AB$27)*'06_Secuencia_Optima'!$H$27/480),6))-INT(ROUND(MIN('06_Secuencia_Optima'!$G$27,MAX(0,'07_Calendario'!$G$21-'06_Secuencia_Optima'!$L$27-'06_Secuencia_Optima'!$AB$27)*'06_Secuencia_Optima'!$H$27/480),6))) -> 0 | U8: =IF('07_Calendario'!$E$22=0,"",INT(ROUND(MIN('06_Secuencia_Optima'!$G$27,MAX(0,'07_Calendario'!$H$22-'06_Secuencia_Optima'!$L$27-'06_Secuencia_Optima'!$AB$27)*'06_Secuencia_Optima'!$H$27/480),6))-INT(ROUND(MIN('06_Secuencia_Optima'!$G$27,MAX(0,'07_Calendario'!$G$22-'06_Secuencia_Optima'!$L$27-'06_Secuencia_Optima'!$AB$27)*'06_Secuencia_Optima'!$H$27/480),6))) -> 0 | V8: =IF('07_Calendario'!$E$23=0,"",INT(ROUND(MIN('06_Secuencia_Optima'!$G$27,MAX(0,'07_Calendario'!$H$23-'06_Secuencia_Optima'!$L$27-'06_Secuencia_Optima'!$AB$27)*'06_Secuencia_Optima'!$H$27/480),6))-INT(ROUND(MIN('06_Secuencia_Optima'!$G$27,MAX(0,'07_Calendario'!$G$23-'06_Secuencia_Optima'!$L$27-'06_Secuencia_Optima'!$AB$27)*'06_Secuencia_Optima'!$H$27/480),6))) -> 0 | W8: =IF('07_Calendario'!$E$24=0,"",INT(ROUND(MIN('06_Secuencia_Optima'!$G$27,MAX(0,'07_Calendario'!$H$24-'06_Secuencia_Optima'!$L$27-'06_Secuencia_Optima'!$AB$27)*'06_Secuencia_Optima'!$H$27/480),6))-INT(ROUND(MIN('06_Secuencia_Optima'!$G$27,MAX(0,'07_Calendario'!$G$24-'06_Secuencia_Optima'!$L$27-'06_Secuencia_Optima'!$AB$27)*'06_Secuencia_Optima'!$H$27/480),6))) -> 0 | X8: =IF('07_Calendario'!$E$25=0,"",INT(ROUND(MIN('06_Secuencia_Optima'!$G$27,MAX(0,'07_Calendario'!$H$25-'06_Secuencia_Optima'!$L$27-'06_Secuencia_Optima'!$AB$27)*'06_Secuencia_Optima'!$H$27/480),6))-INT(ROUND(MIN('06_Secuencia_Optima'!$G$27,MAX(0,'07_Calendario'!$G$25-'06_Secuencia_Optima'!$L$27-'06_Secuencia_Optima'!$AB$27)*'06_Secuencia_Optima'!$H$27/480),6))) -> 0 | Y8: =IF('07_Calendario'!$E$26=0,"",INT(ROUND(MIN('06_Secuencia_Optima'!$G$27,MAX(0,'07_Calendario'!$H$26-'06_Secuencia_Optima'!$L$27-'06_Secuencia_Optima'!$AB$27)*'06_Secuencia_Optima'!$H$27/480),6))-INT(ROUND(MIN('06_Secuencia_Optima'!$G$27,MAX(0,'07_Calendario'!$G$26-'06_Secuencia_Optima'!$L$27-'06_Secuencia_Optima'!$AB$27)*'06_Secuencia_Optima'!$H$27/480),6))) -> 0 | Z8: =IF('07_Calendario'!$E$27=0,"",INT(ROUND(MIN('06_Secuencia_Optima'!$G$27,MAX(0,'07_Calendario'!$H$27-'06_Secuencia_Optima'!$L$27-'06_Secuencia_Optima'!$AB$27)*'06_Secuencia_Optima'!$H$27/480),6))-INT(ROUND(MIN('06_Secuencia_Optima'!$G$27,MAX(0,'07_Calendario'!$G$27-'06_Secuencia_Optima'!$L$27-'06_Secuencia_Optima'!$AB$27)*'06_Secuencia_Optima'!$H$27/480),6))) -> 0 | AA8: =IF('07_Calendario'!$E$28=0,"",INT(ROUND(MIN('06_Secuencia_Optima'!$G$27,MAX(0,'07_Calendario'!$H$28-'06_Secuencia_Optima'!$L$27-'06_Secuencia_Optima'!$AB$27)*'06_Secuencia_Optima'!$H$27/480),6))-INT(ROUND(MIN('06_Secuencia_Optima'!$G$27,MAX(0,'07_Calendario'!$G$28-'06_Secuencia_Optima'!$L$27-'06_Secuencia_Optima'!$AB$27)*'06_Secuencia_Optima'!$H$27/480),6))) -> 0 | AB8: =IF('07_Calendario'!$E$29=0,"",INT(ROUND(MIN('06_Secuencia_Optima'!$G$27,MAX(0,'07_Calendario'!$H$29-'06_Secuencia_Optima'!$L$27-'06_Secuencia_Optima'!$AB$27)*'06_Secuencia_Optima'!$H$27/480),6))-INT(ROUND(MIN('06_Secuencia_Optima'!$G$27,MAX(0,'07_Calendario'!$G$29-'06_Secuencia_Optima'!$L$27-'06_Secuencia_Optima'!$AB$27)*'06_Secuencia_Optima'!$H$27/480),6))) -> 0 | AC8: =IF('07_Calendario'!$E$30=0,"",INT(ROUND(MIN('06_Secuencia_Optima'!$G$27,MAX(0,'07_Calendario'!$H$30-'06_Secuencia_Optima'!$L$27-'06_Secuencia_Optima'!$AB$27)*'06_Secuencia_Optima'!$H$27/480),6))-INT(ROUND(MIN('06_Secuencia_Optima'!$G$27,MAX(0,'07_Calendario'!$G$30-'06_Secuencia_Optima'!$L$27-'06_Secuencia_Optima'!$AB$27)*'06_Secuencia_Optima'!$H$27/480),6))) -> 0 | AD8: =IF('07_Calendario'!$E$31=0,"",INT(ROUND(MIN('06_Secuencia_Optima'!$G$27,MAX(0,'07_Calendario'!$H$31-'06_Secuencia_Optima'!$L$27-'06_Secuencia_Optima'!$AB$27)*'06_Secuencia_Optima'!$H$27/480),6))-INT(ROUND(MIN('06_Secuencia_Optima'!$G$27,MAX(0,'07_Calendario'!$G$31-'06_Secuencia_Optima'!$L$27-'06_Secuencia_Optima'!$AB$27)*'06_Secuencia_Optima'!$H$27/480),6))) -> 0 | AE8: =IF('07_Calendario'!$E$32=0,"",INT(ROUND(MIN('06_Secuencia_Optima'!$G$27,MAX(0,'07_Calendario'!$H$32-'06_Secuencia_Optima'!$L$27-'06_Secuencia_Optima'!$AB$27)*'06_Secuencia_Optima'!$H$27/480),6))-INT(ROUND(MIN('06_Secuencia_Optima'!$G$27,MAX(0,'07_Calendario'!$G$32-'06_Secuencia_Optima'!$L$27-'06_Secuencia_Optima'!$AB$27)*'06_Secuencia_Optima'!$H$27/480),6))) -> 0 | AF8: =IF('07_Calendario'!$E$33=0,"",INT(ROUND(MIN('06_Secuencia_Optima'!$G$27,MAX(0,'07_Calendario'!$H$33-'06_Secuencia_Optima'!$L$27-'06_Secuencia_Optima'!$AB$27)*'06_Secuencia_Optima'!$H$27/480),6))-INT(ROUND(MIN('06_Secuencia_Optima'!$G$27,MAX(0,'07_Calendario'!$G$33-'06_Secuencia_Optima'!$L$27-'06_Secuencia_Optima'!$AB$27)*'06_Secuencia_Optima'!$H$27/480),6))) -> 0 | AG8: =IF('07_Calendario'!$E$34=0,"",INT(ROUND(MIN('06_Secuencia_Optima'!$G$27,MAX(0,'07_Calendario'!$H$34-'06_Secuencia_Optima'!$L$27-'06_Secuencia_Optima'!$AB$27)*'06_Secuencia_Optima'!$H$27/480),6))-INT(ROUND(MIN('06_Secuencia_Optima'!$G$27,MAX(0,'07_Calendario'!$G$34-'06_Secuencia_Optima'!$L$27-'06_Secuencia_Optima'!$AB$27)*'06_Secuencia_Optima'!$H$27/480),6))) -> 0 | AH8: =IF('07_Calendario'!$E$35=0,"",INT(ROUND(MIN('06_Secuencia_Optima'!$G$27,MAX(0,'07_Calendario'!$H$35-'06_Secuencia_Optima'!$L$27-'06_Secuencia_Optima'!$AB$27)*'06_Secuencia_Optima'!$H$27/480),6))-INT(ROUND(MIN('06_Secuencia_Optima'!$G$27,MAX(0,'07_Calendario'!$G$35-'06_Secuencia_Optima'!$L$27-'06_Secuencia_Optima'!$AB$27)*'06_Secuencia_Optima'!$H$27/480),6))) -> 0 | AI8: =IF('07_Calendario'!$E$36=0,"",INT(ROUND(MIN('06_Secuencia_Optima'!$G$27,MAX(0,'07_Calendario'!$H$36-'06_Secuencia_Optima'!$L$27-'06_Secuencia_Optima'!$AB$27)*'06_Secuencia_Optima'!$H$27/480),6))-INT(ROUND(MIN('06_Secuencia_Optima'!$G$27,MAX(0,'07_Calendario'!$G$36-'06_Secuencia_Optima'!$L$27-'06_Secuencia_Optima'!$AB$27)*'06_Secuencia_Optima'!$H$27/480),6))) -> 0 | AJ8: =IF('07_Calendario'!$E$37=0,"",INT(ROUND(MIN('06_Secuencia_Optima'!$G$27,MAX(0,'07_Calendario'!$H$37-'06_Secuencia_Optima'!$L$27-'06_Secuencia_Optima'!$AB$27)*'06_Secuencia_Optima'!$H$27/480),6))-INT(ROUND(MIN('06_Secuencia_Optima'!$G$27,MAX(0,'07_Calendario'!$G$37-'06_Secuencia_Optima'!$L$27-'06_Secuencia_Optima'!$AB$27)*'06_Secuencia_Optima'!$H$27/480),6))) | AK8: =IF('07_Calendario'!$E$38=0,"",INT(ROUND(MIN('06_Secuencia_Optima'!$G$27,MAX(0,'07_Calendario'!$H$38-'06_Secuencia_Optima'!$L$27-'06_Secuencia_Optima'!$AB$27)*'06_Secuencia_Optima'!$H$27/480),6))-INT(ROUND(MIN('06_Secuencia_Optima'!$G$27,MAX(0,'07_Calendario'!$G$38-'06_Secuencia_Optima'!$L$27-'06_Secuencia_Optima'!$AB$27)*'06_Secuencia_Optima'!$H$27/480),6))) -> 0 | AL8: =IF('07_Calendario'!$E$39=0,"",INT(ROUND(MIN('06_Secuencia_Optima'!$G$27,MAX(0,'07_Calendario'!$H$39-'06_Secuencia_Optima'!$L$27-'06_Secuencia_Optima'!$AB$27)*'06_Secuencia_Optima'!$H$27/480),6))-INT(ROUND(MIN('06_Secuencia_Optima'!$G$27,MAX(0,'07_Calendario'!$G$39-'06_Secuencia_Optima'!$L$27-'06_Secuencia_Optima'!$AB$27)*'06_Secuencia_Optima'!$H$27/480),6))) -> 0 | AM8: =IF('07_Calendario'!$E$40=0,"",INT(ROUND(MIN('06_Secuencia_Optima'!$G$27,MAX(0,'07_Calendario'!$H$40-'06_Secuencia_Optima'!$L$27-'06_Secuencia_Optima'!$AB$27)*'06_Secuencia_Optima'!$H$27/480),6))-INT(ROUND(MIN('06_Secuencia_Optima'!$G$27,MAX(0,'07_Calendario'!$G$40-'06_Secuencia_Optima'!$L$27-'06_Secuencia_Optima'!$AB$27)*'06_Secuencia_Optima'!$H$27/480),6))) -> 0 | AN8: =IF('07_Calendario'!$E$41=0,"",INT(ROUND(MIN('06_Secuencia_Optima'!$G$27,MAX(0,'07_Calendario'!$H$41-'06_Secuencia_Optima'!$L$27-'06_Secuencia_Optima'!$AB$27)*'06_Secuencia_Optima'!$H$27/480),6))-INT(ROUND(MIN('06_Secuencia_Optima'!$G$27,MAX(0,'07_Calendario'!$G$41-'06_Secuencia_Optima'!$L$27-'06_Secuencia_Optima'!$AB$27)*'06_Secuencia_Optima'!$H$27/480),6))) -> 0 | AO8: =IF('07_Calendario'!$E$42=0,"",INT(ROUND(MIN('06_Secuencia_Optima'!$G$27,MAX(0,'07_Calendario'!$H$42-'06_Secuencia_Optima'!$L$27-'06_Secuencia_Optima'!$AB$27)*'06_Secuencia_Optima'!$H$27/480),6))-INT(ROUND(MIN('06_Secuencia_Optima'!$G$27,MAX(0,'07_Calendario'!$G$42-'06_Secuencia_Optima'!$L$27-'06_Secuencia_Optima'!$AB$27)*'06_Secuencia_Optima'!$H$27/480),6))) -> 0 | AP8: =IF('07_Calendario'!$E$43=0,"",INT(ROUND(MIN('06_Secuencia_Optima'!$G$27,MAX(0,'07_Calendario'!$H$43-'06_Secuencia_Optima'!$L$27-'06_Secuencia_Optima'!$AB$27)*'06_Secuencia_Optima'!$H$27/480),6))-INT(ROUND(MIN('06_Secuencia_Optima'!$G$27,MAX(0,'07_Calendario'!$G$43-'06_Secuencia_Optima'!$L$27-'06_Secuencia_Optima'!$AB$27)*'06_Secuencia_Optima'!$H$27/480),6))) -> 0 | AQ8: =IF('07_Calendario'!$E$44=0,"",INT(ROUND(MIN('06_Secuencia_Optima'!$G$27,MAX(0,'07_Calendario'!$H$44-'06_Secuencia_Optima'!$L$27-'06_Secuencia_Optima'!$AB$27)*'06_Secuencia_Optima'!$H$27/480),6))-INT(ROUND(MIN('06_Secuencia_Optima'!$G$27,MAX(0,'07_Calendario'!$G$44-'06_Secuencia_Optima'!$L$27-'06_Secuencia_Optima'!$AB$27)*'06_Secuencia_Optima'!$H$27/480),6))) -> 0 | AR8: =IF('07_Calendario'!$E$45=0,"",INT(ROUND(MIN('06_Secuencia_Optima'!$G$27,MAX(0,'07_Calendario'!$H$45-'06_Secuencia_Optima'!$L$27-'06_Secuencia_Optima'!$AB$27)*'06_Secuencia_Optima'!$H$27/480),6))-INT(ROUND(MIN('06_Secuencia_Optima'!$G$27,MAX(0,'07_Calendario'!$G$45-'06_Secuencia_Optima'!$L$27-'06_Secuencia_Optima'!$AB$27)*'06_Secuencia_Optima'!$H$27/480),6))) -> 0 | AS8: =IF('07_Calendario'!$E$46=0,"",INT(ROUND(MIN('06_Secuencia_Optima'!$G$27,MAX(0,'07_Calendario'!$H$46-'06_Secuencia_Optima'!$L$27-'06_Secuencia_Optima'!$AB$27)*'06_Secuencia_Optima'!$H$27/480),6))-INT(ROUND(MIN('06_Secuencia_Optima'!$G$27,MAX(0,'07_Calendario'!$G$46-'06_Secuencia_Optima'!$L$27-'06_Secuencia_Optima'!$AB$27)*'06_Secuencia_Optima'!$H$27/480),6))) -> 0 | AT8: =IF('07_Calendario'!$E$47=0,"",INT(ROUND(MIN('06_Secuencia_Optima'!$G$27,MAX(0,'07_Calendario'!$H$47-'06_Secuencia_Optima'!$L$27-'06_Secuencia_Optima'!$AB$27)*'06_Secuencia_Optima'!$H$27/480),6))-INT(ROUND(MIN('06_Secuencia_Optima'!$G$27,MAX(0,'07_Calendario'!$G$47-'06_Secuencia_Optima'!$L$27-'06_Secuencia_Optima'!$AB$27)*'06_Secuencia_Optima'!$H$27/480),6))) -> 0 | AU8: =IF('07_Calendario'!$E$48=0,"",INT(ROUND(MIN('06_Secuencia_Optima'!$G$27,MAX(0,'07_Calendario'!$H$48-'06_Secuencia_Optima'!$L$27-'06_Secuencia_Optima'!$AB$27)*'06_Secuencia_Optima'!$H$27/480),6))-INT(ROUND(MIN('06_Secuencia_Optima'!$G$27,MAX(0,'07_Calendario'!$G$48-'06_Secuencia_Optima'!$L$27-'06_Secuencia_Optima'!$AB$27)*'06_Secuencia_Optima'!$H$27/480),6))) -> 0 | AV8: =IF('07_Calendario'!$E$49=0,"",INT(ROUND(MIN('06_Secuencia_Optima'!$G$27,MAX(0,'07_Calendario'!$H$49-'06_Secuencia_Optima'!$L$27-'06_Secuencia_Optima'!$AB$27)*'06_Secuencia_Optima'!$H$27/480),6))-INT(ROUND(MIN('06_Secuencia_Optima'!$G$27,MAX(0,'07_Calendario'!$G$49-'06_Secuencia_Optima'!$L$27-'06_Secuencia_Optima'!$AB$27)*'06_Secuencia_Optima'!$H$27/480),6))) -> 0 | AW8: =IF('07_Calendario'!$E$50=0,"",INT(ROUND(MIN('06_Secuencia_Optima'!$G$27,MAX(0,'07_Calendario'!$H$50-'06_Secuencia_Optima'!$L$27-'06_Secuencia_Optima'!$AB$27)*'06_Secuencia_Optima'!$H$27/480),6))-INT(ROUND(MIN('06_Secuencia_Optima'!$G$27,MAX(0,'07_Calendario'!$G$50-'06_Secuencia_Optima'!$L$27-'06_Secuencia_Optima'!$AB$27)*'06_Secuencia_Optima'!$H$27/480),6))) -> 0 | AX8: =IF('07_Calendario'!$E$51=0,"",INT(ROUND(MIN('06_Secuencia_Optima'!$G$27,MAX(0,'07_Calendario'!$H$51-'06_Secuencia_Optima'!$L$27-'06_Secuencia_Optima'!$AB$27)*'06_Secuencia_Optima'!$H$27/480),6))-INT(ROUND(MIN('06_Secuencia_Optima'!$G$27,MAX(0,'07_Calendario'!$G$51-'06_Secuencia_Optima'!$L$27-'06_Secuencia_Optima'!$AB$27)*'06_Secuencia_Optima'!$H$27/480),6))) -> 0 | AY8: =IF('07_Calendario'!$E$52=0,"",INT(ROUND(MIN('06_Secuencia_Optima'!$G$27,MAX(0,'07_Calendario'!$H$52-'06_Secuencia_Optima'!$L$27-'06_Secuencia_Optima'!$AB$27)*'06_Secuencia_Optima'!$H$27/480),6))-INT(ROUND(MIN('06_Secuencia_Optima'!$G$27,MAX(0,'07_Calendario'!$G$52-'06_Secuencia_Optima'!$L$27-'06_Secuencia_Optima'!$AB$27)*'06_Secuencia_Optima'!$H$27/480),6))) -> 0 | AZ8: =IF('07_Calendario'!$E$53=0,"",INT(ROUND(MIN('06_Secuencia_Optima'!$G$27,MAX(0,'07_Calendario'!$H$53-'06_Secuencia_Optima'!$L$27-'06_Secuencia_Optima'!$AB$27)*'06_Secuencia_Optima'!$H$27/480),6))-INT(ROUND(MIN('06_Secuencia_Optima'!$G$27,MAX(0,'07_Calendario'!$G$53-'06_Secuencia_Optima'!$L$27-'06_Secuencia_Optima'!$AB$27)*'06_Secuencia_Optima'!$H$27/480),6))) -> 0 | BA8: =IF('07_Calendario'!$E$54=0,"",INT(ROUND(MIN('06_Secuencia_Optima'!$G$27,MAX(0,'07_Calendario'!$H$54-'06_Secuencia_Optima'!$L$27-'06_Secuencia_Optima'!$AB$27)*'06_Secuencia_Optima'!$H$27/480),6))-INT(ROUND(MIN('06_Secuencia_Optima'!$G$27,MAX(0,'07_Calendario'!$G$54-'06_Secuencia_Optima'!$L$27-'06_Secuencia_Optima'!$AB$27)*'06_Secuencia_Optima'!$H$27/480),6))) -> 0 | BB8: =IF('07_Calendario'!$E$55=0,"",INT(ROUND(MIN('06_Secuencia_Optima'!$G$27,MAX(0,'07_Calendario'!$H$55-'06_Secuencia_Optima'!$L$27-'06_Secuencia_Optima'!$AB$27)*'06_Secuencia_Optima'!$H$27/480),6))-INT(ROUND(MIN('06_Secuencia_Optima'!$G$27,MAX(0,'07_Calendario'!$G$55-'06_Secuencia_Optima'!$L$27-'06_Secuencia_Optima'!$AB$27)*'06_Secuencia_Optima'!$H$27/480),6))) | BC8: =IF('07_Calendario'!$E$56=0,"",INT(ROUND(MIN('06_Secuencia_Optima'!$G$27,MAX(0,'07_Calendario'!$H$56-'06_Secuencia_Optima'!$L$27-'06_Secuencia_Optima'!$AB$27)*'06_Secuencia_Optima'!$H$27/480),6))-INT(ROUND(MIN('06_Secuencia_Optima'!$G$27,MAX(0,'07_Calendario'!$G$56-'06_Secuencia_Optima'!$L$27-'06_Secuencia_Optima'!$AB$27)*'06_Secuencia_Optima'!$H$27/480),6))) -> 0 | BD8: =IF('07_Calendario'!$E$57=0,"",INT(ROUND(MIN('06_Secuencia_Optima'!$G$27,MAX(0,'07_Calendario'!$H$57-'06_Secuencia_Optima'!$L$27-'06_Secuencia_Optima'!$AB$27)*'06_Secuencia_Optima'!$H$27/480),6))-INT(ROUND(MIN('06_Secuencia_Optima'!$G$27,MAX(0,'07_Calendario'!$G$57-'06_Secuencia_Optima'!$L$27-'06_Secuencia_Optima'!$AB$27)*'06_Secuencia_Optima'!$H$27/480),6))) -> 0 | BE8: =IF('07_Calendario'!$E$58=0,"",INT(ROUND(MIN('06_Secuencia_Optima'!$G$27,MAX(0,'07_Calendario'!$H$58-'06_Secuencia_Optima'!$L$27-'06_Secuencia_Optima'!$AB$27)*'06_Secuencia_Optima'!$H$27/480),6))-INT(ROUND(MIN('06_Secuencia_Optima'!$G$27,MAX(0,'07_Calendario'!$G$58-'06_Secuencia_Optima'!$L$27-'06_Secuencia_Optima'!$AB$27)*'06_Secuencia_Optima'!$H$27/480),6))) -> 0 | BF8: =IF('07_Calendario'!$E$59=0,"",INT(ROUND(MIN('06_Secuencia_Optima'!$G$27,MAX(0,'07_Calendario'!$H$59-'06_Secuencia_Optima'!$L$27-'06_Secuencia_Optima'!$AB$27)*'06_Secuencia_Optima'!$H$27/480),6))-INT(ROUND(MIN('06_Secuencia_Optima'!$G$27,MAX(0,'07_Calendario'!$G$59-'06_Secuencia_Optima'!$L$27-'06_Secuencia_Optima'!$AB$27)*'06_Secuencia_Optima'!$H$27/480),6))) -> 0 | BG8: =IF('07_Calendario'!$E$60=0,"",INT(ROUND(MIN('06_Secuencia_Optima'!$G$27,MAX(0,'07_Calendario'!$H$60-'06_Secuencia_Optima'!$L$27-'06_Secuencia_Optima'!$AB$27)*'06_Secuencia_Optima'!$H$27/480),6))-INT(ROUND(MIN('06_Secuencia_Optima'!$G$27,MAX(0,'07_Calendario'!$G$60-'06_Secuencia_Optima'!$L$27-'06_Secuencia_Optima'!$AB$27)*'06_Secuencia_Optima'!$H$27/480),6))) -> 0 | BH8: =IF('07_Calendario'!$E$61=0,"",INT(ROUND(MIN('06_Secuencia_Optima'!$G$27,MAX(0,'07_Calendario'!$H$61-'06_Secuencia_Optima'!$L$27-'06_Secuencia_Optima'!$AB$27)*'06_Secuencia_Optima'!$H$27/480),6))-INT(ROUND(MIN('06_Secuencia_Optima'!$G$27,MAX(0,'07_Calendario'!$G$61-'06_Secuencia_Optima'!$L$27-'06_Secuencia_Optima'!$AB$27)*'06_Secuencia_Optima'!$H$27/480),6))) -> 0 | BI8: =IF('07_Calendario'!$E$62=0,"",INT(ROUND(MIN('06_Secuencia_Optima'!$G$27,MAX(0,'07_Calendario'!$H$62-'06_Secuencia_Optima'!$L$27-'06_Secuencia_Optima'!$AB$27)*'06_Secuencia_Optima'!$H$27/480),6))-INT(ROUND(MIN('06_Secuencia_Optima'!$G$27,MAX(0,'07_Calendario'!$G$62-'06_Secuencia_Optima'!$L$27-'06_Secuencia_Optima'!$AB$27)*'06_Secuencia_Optima'!$H$27/480),6))) -> 0 | BJ8: =IF('07_Calendario'!$E$63=0,"",INT(ROUND(MIN('06_Secuencia_Optima'!$G$27,MAX(0,'07_Calendario'!$H$63-'06_Secuencia_Optima'!$L$27-'06_Secuencia_Optima'!$AB$27)*'06_Secuencia_Optima'!$H$27/480),6))-INT(ROUND(MIN('06_Secuencia_Optima'!$G$27,MAX(0,'07_Calendario'!$G$63-'06_Secuencia_Optima'!$L$27-'06_Secuencia_Optima'!$AB$27)*'06_Secuencia_Optima'!$H$27/480),6))) -> 0 | BK8: =IF('07_Calendario'!$E$64=0,"",INT(ROUND(MIN('06_Secuencia_Optima'!$G$27,MAX(0,'07_Calendario'!$H$64-'06_Secuencia_Optima'!$L$27-'06_Secuencia_Optima'!$AB$27)*'06_Secuencia_Optima'!$H$27/480),6))-INT(ROUND(MIN('06_Secuencia_Optima'!$G$27,MAX(0,'07_Calendario'!$G$64-'06_Secuencia_Optima'!$L$27-'06_Secuencia_Optima'!$AB$27)*'06_Secuencia_Optima'!$H$27/480),6))) -> 0 | BL8: =IF('07_Calendario'!$E$65=0,"",INT(ROUND(MIN('06_Secuencia_Optima'!$G$27,MAX(0,'07_Calendario'!$H$65-'06_Secuencia_Optima'!$L$27-'06_Secuencia_Optima'!$AB$27)*'06_Secuencia_Optima'!$H$27/480),6))-INT(ROUND(MIN('06_Secuencia_Optima'!$G$27,MAX(0,'07_Calendario'!$G$65-'06_Secuencia_Optima'!$L$27-'06_Secuencia_Optima'!$AB$27)*'06_Secuencia_Optima'!$H$27/480),6))) -> 0 | BM8: =IF('07_Calendario'!$E$66=0,"",INT(ROUND(MIN('06_Secuencia_Optima'!$G$27,MAX(0,'07_Calendario'!$H$66-'06_Secuencia_Optima'!$L$27-'06_Secuencia_Optima'!$AB$27)*'06_Secuencia_Optima'!$H$27/480),6))-INT(ROUND(MIN('06_Secuencia_Optima'!$G$27,MAX(0,'07_Calendario'!$G$66-'06_Secuencia_Optima'!$L$27-'06_Secuencia_Optima'!$AB$27)*'06_Secuencia_Optima'!$H$27/480),6))) -> 0 | BN8: =IF('07_Calendario'!$E$67=0,"",INT(ROUND(MIN('06_Secuencia_Optima'!$G$27,MAX(0,'07_Calendario'!$H$67-'06_Secuencia_Optima'!$L$27-'06_Secuencia_Optima'!$AB$27)*'06_Secuencia_Optima'!$H$27/480),6))-INT(ROUND(MIN('06_Secuencia_Optima'!$G$27,MAX(0,'07_Calendario'!$G$67-'06_Secuencia_Optima'!$L$27-'06_Secuencia_Optima'!$AB$27)*'06_Secuencia_Optima'!$H$27/480),6))) -> 0 | BO8: =IF('07_Calendario'!$E$68=0,"",INT(ROUND(MIN('06_Secuencia_Optima'!$G$27,MAX(0,'07_Calendario'!$H$68-'06_Secuencia_Optima'!$L$27-'06_Secuencia_Optima'!$AB$27)*'06_Secuencia_Optima'!$H$27/480),6))-INT(ROUND(MIN('06_Secuencia_Optima'!$G$27,MAX(0,'07_Calendario'!$G$68-'06_Secuencia_Optima'!$L$27-'06_Secuencia_Optima'!$AB$27)*'06_Secuencia_Optima'!$H$27/480),6))) -> 0 | BP8: =IF('07_Calendario'!$E$69=0,"",INT(ROUND(MIN('06_Secuencia_Optima'!$G$27,MAX(0,'07_Calendario'!$H$69-'06_Secuencia_Optima'!$L$27-'06_Secuencia_Optima'!$AB$27)*'06_Secuencia_Optima'!$H$27/480),6))-INT(ROUND(MIN('06_Secuencia_Optima'!$G$27,MAX(0,'07_Calendario'!$G$69-'06_Secuencia_Optima'!$L$27-'06_Secuencia_Optima'!$AB$27)*'06_Secuencia_Optima'!$H$27/480),6))) -> 0 | BQ8: =IF('07_Calendario'!$E$70=0,"",INT(ROUND(MIN('06_Secuencia_Optima'!$G$27,MAX(0,'07_Calendario'!$H$70-'06_Secuencia_Optima'!$L$27-'06_Secuencia_Optima'!$AB$27)*'06_Secuencia_Optima'!$H$27/480),6))-INT(ROUND(MIN('06_Secuencia_Optima'!$G$27,MAX(0,'07_Calendario'!$G$70-'06_Secuencia_Optima'!$L$27-'06_Secuencia_Optima'!$AB$27)*'06_Secuencia_Optima'!$H$27/480),6))) -> 0 | BR8: =IF('07_Calendario'!$E$71=0,"",INT(ROUND(MIN('06_Secuencia_Optima'!$G$27,MAX(0,'07_Calendario'!$H$71-'06_Secuencia_Optima'!$L$27-'06_Secuencia_Optima'!$AB$27)*'06_Secuencia_Optima'!$H$27/480),6))-INT(ROUND(MIN('06_Secuencia_Optima'!$G$27,MAX(0,'07_Calendario'!$G$71-'06_Secuencia_Optima'!$L$27-'06_Secuencia_Optima'!$AB$27)*'06_Secuencia_Optima'!$H$27/480),6))) -> 0 | BS8: =IF('07_Calendario'!$E$72=0,"",INT(ROUND(MIN('06_Secuencia_Optima'!$G$27,MAX(0,'07_Calendario'!$H$72-'06_Secuencia_Optima'!$L$27-'06_Secuencia_Optima'!$AB$27)*'06_Secuencia_Optima'!$H$27/480),6))-INT(ROUND(MIN('06_Secuencia_Optima'!$G$27,MAX(0,'07_Calendario'!$G$72-'06_Secuencia_Optima'!$L$27-'06_Secuencia_Optima'!$AB$27)*'06_Secuencia_Optima'!$H$27/480),6))) -> 0 | BT8: =IF('07_Calendario'!$E$73=0,"",INT(ROUND(MIN('06_Secuencia_Optima'!$G$27,MAX(0,'07_Calendario'!$H$73-'06_Secuencia_Optima'!$L$27-'06_Secuencia_Optima'!$AB$27)*'06_Secuencia_Optima'!$H$27/480),6))-INT(ROUND(MIN('06_Secuencia_Optima'!$G$27,MAX(0,'07_Calendario'!$G$73-'06_Secuencia_Optima'!$L$27-'06_Secuencia_Optima'!$AB$27)*'06_Secuencia_Optima'!$H$27/480),6))) | BU8: =IF('07_Calendario'!$E$74=0,"",INT(ROUND(MIN('06_Secuencia_Optima'!$G$27,MAX(0,'07_Calendario'!$H$74-'06_Secuencia_Optima'!$L$27-'06_Secuencia_Optima'!$AB$27)*'06_Secuencia_Optima'!$H$27/480),6))-INT(ROUND(MIN('06_Secuencia_Optima'!$G$27,MAX(0,'07_Calendario'!$G$74-'06_Secuencia_Optima'!$L$27-'06_Secuencia_Optima'!$AB$27)*'06_Secuencia_Optima'!$H$27/480),6))) -> 0 | BV8: =IF('07_Calendario'!$E$75=0,"",INT(ROUND(MIN('06_Secuencia_Optima'!$G$27,MAX(0,'07_Calendario'!$H$75-'06_Secuencia_Optima'!$L$27-'06_Secuencia_Optima'!$AB$27)*'06_Secuencia_Optima'!$H$27/480),6))-INT(ROUND(MIN('06_Secuencia_Optima'!$G$27,MAX(0,'07_Calendario'!$G$75-'06_Secuencia_Optima'!$L$27-'06_Secuencia_Optima'!$AB$27)*'06_Secuencia_Optima'!$H$27/480),6))) -> 0 | BW8: =IF('07_Calendario'!$E$76=0,"",INT(ROUND(MIN('06_Secuencia_Optima'!$G$27,MAX(0,'07_Calendario'!$H$76-'06_Secuencia_Optima'!$L$27-'06_Secuencia_Optima'!$AB$27)*'06_Secuencia_Optima'!$H$27/480),6))-INT(ROUND(MIN('06_Secuencia_Optima'!$G$27,MAX(0,'07_Calendario'!$G$76-'06_Secuencia_Optima'!$L$27-'06_Secuencia_Optima'!$AB$27)*'06_Secuencia_Optima'!$H$27/480),6))) -> 0 | BX8: =IF('07_Calendario'!$E$77=0,"",INT(ROUND(MIN('06_Secuencia_Optima'!$G$27,MAX(0,'07_Calendario'!$H$77-'06_Secuencia_Optima'!$L$27-'06_Secuencia_Optima'!$AB$27)*'06_Secuencia_Optima'!$H$27/480),6))-INT(ROUND(MIN('06_Secuencia_Optima'!$G$27,MAX(0,'07_Calendario'!$G$77-'06_Secuencia_Optima'!$L$27-'06_Secuencia_Optima'!$AB$27)*'06_Secuencia_Optima'!$H$27/480),6))) -> 0 | BY8: =IF('07_Calendario'!$E$78=0,"",INT(ROUND(MIN('06_Secuencia_Optima'!$G$27,MAX(0,'07_Calendario'!$H$78-'06_Secuencia_Optima'!$L$27-'06_Secuencia_Optima'!$AB$27)*'06_Secuencia_Optima'!$H$27/480),6))-INT(ROUND(MIN('06_Secuencia_Optima'!$G$27,MAX(0,'07_Calendario'!$G$78-'06_Secuencia_Optima'!$L$27-'06_Secuencia_Optima'!$AB$27)*'06_Secuencia_Optima'!$H$27/480),6))) -> 0 | BZ8: =IF('07_Calendario'!$E$79=0,"",INT(ROUND(MIN('06_Secuencia_Optima'!$G$27,MAX(0,'07_Calendario'!$H$79-'06_Secuencia_Optima'!$L$27-'06_Secuencia_Optima'!$AB$27)*'06_Secuencia_Optima'!$H$27/480),6))-INT(ROUND(MIN('06_Secuencia_Optima'!$G$27,MAX(0,'07_Calendario'!$G$79-'06_Secuencia_Optima'!$L$27-'06_Secuencia_Optima'!$AB$27)*'06_Secuencia_Optima'!$H$27/480),6))) -> 0 | CA8: =IF('07_Calendario'!$E$80=0,"",INT(ROUND(MIN('06_Secuencia_Optima'!$G$27,MAX(0,'07_Calendario'!$H$80-'06_Secuencia_Optima'!$L$27-'06_Secuencia_Optima'!$AB$27)*'06_Secuencia_Optima'!$H$27/480),6))-INT(ROUND(MIN('06_Secuencia_Optima'!$G$27,MAX(0,'07_Calendario'!$G$80-'06_Secuencia_Optima'!$L$27-'06_Secuencia_Optima'!$AB$27)*'06_Secuencia_Optima'!$H$27/480),6))) -> 0 | CB8: =IF('07_Calendario'!$E$81=0,"",INT(ROUND(MIN('06_Secuencia_Optima'!$G$27,MAX(0,'07_Calendario'!$H$81-'06_Secuencia_Optima'!$L$27-'06_Secuencia_Optima'!$AB$27)*'06_Secuencia_Optima'!$H$27/480),6))-INT(ROUND(MIN('06_Secuencia_Optima'!$G$27,MAX(0,'07_Calendario'!$G$81-'06_Secuencia_Optima'!$L$27-'06_Secuencia_Optima'!$AB$27)*'06_Secuencia_Optima'!$H$27/480),6))) -> 0 | CC8: =IF('07_Calendario'!$E$82=0,"",INT(ROUND(MIN('06_Secuencia_Optima'!$G$27,MAX(0,'07_Calendario'!$H$82-'06_Secuencia_Optima'!$L$27-'06_Secuencia_Optima'!$AB$27)*'06_Secuencia_Optima'!$H$27/480),6))-INT(ROUND(MIN('06_Secuencia_Optima'!$G$27,MAX(0,'07_Calendario'!$G$82-'06_Secuencia_Optima'!$L$27-'06_Secuencia_Optima'!$AB$27)*'06_Secuencia_Optima'!$H$27/480),6))) -> 0 | CD8: =SUM($D8:$CC8) -> 3220 | CE8: ='06_Secuencia_Optima'!$G$27 -> 3220 | CF8: =IF(CD8=CE8,"OK","DIF") -> OK
A9: ='06_Secuencia_Optima'!$B$28 -> 15564 | B9: ='06_Secuencia_Optima'!$C$28 -> SALSA NAPOLITANA (24DP/1/200g) | C9: ='06_Secuencia_Optima'!$D$28 -> 15564 | D9: =IF('07_Calendario'!$E$5=0,"",INT(ROUND(MIN('06_Secuencia_Optima'!$G$28,MAX(0,'07_Calendario'!$H$5-'06_Secuencia_Optima'!$L$28-'06_Secuencia_Optima'!$AB$28)*'06_Secuencia_Optima'!$H$28/480),6))-INT(ROUND(MIN('06_Secuencia_Optima'!$G$28,MAX(0,'07_Calendario'!$G$5-'06_Secuencia_Optima'!$L$28-'06_Secuencia_Optima'!$AB$28)*'06_Secuencia_Optima'!$H$28/480),6))) -> 1263 | E9: =IF('07_Calendario'!$E$6=0,"",INT(ROUND(MIN('06_Secuencia_Optima'!$G$28,MAX(0,'07_Calendario'!$H$6-'06_Secuencia_Optima'!$L$28-'06_Secuencia_Optima'!$AB$28)*'06_Secuencia_Optima'!$H$28/480),6))-INT(ROUND(MIN('06_Secuencia_Optima'!$G$28,MAX(0,'07_Calendario'!$G$6-'06_Secuencia_Optima'!$L$28-'06_Secuencia_Optima'!$AB$28)*'06_Secuencia_Optima'!$H$28/480),6))) -> 577 | F9: =IF('07_Calendario'!$E$7=0,"",INT(ROUND(MIN('06_Secuencia_Optima'!$G$28,MAX(0,'07_Calendario'!$H$7-'06_Secuencia_Optima'!$L$28-'06_Secuencia_Optima'!$AB$28)*'06_Secuencia_Optima'!$H$28/480),6))-INT(ROUND(MIN('06_Secuencia_Optima'!$G$28,MAX(0,'07_Calendario'!$G$7-'06_Secuencia_Optima'!$L$28-'06_Secuencia_Optima'!$AB$28)*'06_Secuencia_Optima'!$H$28/480),6))) -> 0 | G9: =IF('07_Calendario'!$E$8=0,"",INT(ROUND(MIN('06_Secuencia_Optima'!$G$28,MAX(0,'07_Calendario'!$H$8-'06_Secuencia_Optima'!$L$28-'06_Secuencia_Optima'!$AB$28)*'06_Secuencia_Optima'!$H$28/480),6))-INT(ROUND(MIN('06_Secuencia_Optima'!$G$28,MAX(0,'07_Calendario'!$G$8-'06_Secuencia_Optima'!$L$28-'06_Secuencia_Optima'!$AB$28)*'06_Secuencia_Optima'!$H$28/480),6))) -> 0 | H9: =IF('07_Calendario'!$E$9=0,"",INT(ROUND(MIN('06_Secuencia_Optima'!$G$28,MAX(0,'07_Calendario'!$H$9-'06_Secuencia_Optima'!$L$28-'06_Secuencia_Optima'!$AB$28)*'06_Secuencia_Optima'!$H$28/480),6))-INT(ROUND(MIN('06_Secuencia_Optima'!$G$28,MAX(0,'07_Calendario'!$G$9-'06_Secuencia_Optima'!$L$28-'06_Secuencia_Optima'!$AB$28)*'06_Secuencia_Optima'!$H$28/480),6))) -> 0 | I9: =IF('07_Calendario'!$E$10=0,"",INT(ROUND(MIN('06_Secuencia_Optima'!$G$28,MAX(0,'07_Calendario'!$H$10-'06_Secuencia_Optima'!$L$28-'06_Secuencia_Optima'!$AB$28)*'06_Secuencia_Optima'!$H$28/480),6))-INT(ROUND(MIN('06_Secuencia_Optima'!$G$28,MAX(0,'07_Calendario'!$G$10-'06_Secuencia_Optima'!$L$28-'06_Secuencia_Optima'!$AB$28)*'06_Secuencia_Optima'!$H$28/480),6))) -> 0 | J9: =IF('07_Calendario'!$E$11=0,"",INT(ROUND(MIN('06_Secuencia_Optima'!$G$28,MAX(0,'07_Calendario'!$H$11-'06_Secuencia_Optima'!$L$28-'06_Secuencia_Optima'!$AB$28)*'06_Secuencia_Optima'!$H$28/480),6))-INT(ROUND(MIN('06_Secuencia_Optima'!$G$28,MAX(0,'07_Calendario'!$G$11-'06_Secuencia_Optima'!$L$28-'06_Secuencia_Optima'!$AB$28)*'06_Secuencia_Optima'!$H$28/480),6))) -> 0 | K9: =IF('07_Calendario'!$E$12=0,"",INT(ROUND(MIN('06_Secuencia_Optima'!$G$28,MAX(0,'07_Calendario'!$H$12-'06_Secuencia_Optima'!$L$28-'06_Secuencia_Optima'!$AB$28)*'06_Secuencia_Optima'!$H$28/480),6))-INT(ROUND(MIN('06_Secuencia_Optima'!$G$28,MAX(0,'07_Calendario'!$G$12-'06_Secuencia_Optima'!$L$28-'06_Secuencia_Optima'!$AB$28)*'06_Secuencia_Optima'!$H$28/480),6))) -> 0 | L9: =IF('07_Calendario'!$E$13=0,"",INT(ROUND(MIN('06_Secuencia_Optima'!$G$28,MAX(0,'07_Calendario'!$H$13-'06_Secuencia_Optima'!$L$28-'06_Secuencia_Optima'!$AB$28)*'06_Secuencia_Optima'!$H$28/480),6))-INT(ROUND(MIN('06_Secuencia_Optima'!$G$28,MAX(0,'07_Calendario'!$G$13-'06_Secuencia_Optima'!$L$28-'06_Secuencia_Optima'!$AB$28)*'06_Secuencia_Optima'!$H$28/480),6))) -> 0 | M9: =IF('07_Calendario'!$E$14=0,"",INT(ROUND(MIN('06_Secuencia_Optima'!$G$28,MAX(0,'07_Calendario'!$H$14-'06_Secuencia_Optima'!$L$28-'06_Secuencia_Optima'!$AB$28)*'06_Secuencia_Optima'!$H$28/480),6))-INT(ROUND(MIN('06_Secuencia_Optima'!$G$28,MAX(0,'07_Calendario'!$G$14-'06_Secuencia_Optima'!$L$28-'06_Secuencia_Optima'!$AB$28)*'06_Secuencia_Optima'!$H$28/480),6))) -> 0 | N9: =IF('07_Calendario'!$E$15=0,"",INT(ROUND(MIN('06_Secuencia_Optima'!$G$28,MAX(0,'07_Calendario'!$H$15-'06_Secuencia_Optima'!$L$28-'06_Secuencia_Optima'!$AB$28)*'06_Secuencia_Optima'!$H$28/480),6))-INT(ROUND(MIN('06_Secuencia_Optima'!$G$28,MAX(0,'07_Calendario'!$G$15-'06_Secuencia_Optima'!$L$28-'06_Secuencia_Optima'!$AB$28)*'06_Secuencia_Optima'!$H$28/480),6))) -> 0 | O9: =IF('07_Calendario'!$E$16=0,"",INT(ROUND(MIN('06_Secuencia_Optima'!$G$28,MAX(0,'07_Calendario'!$H$16-'06_Secuencia_Optima'!$L$28-'06_Secuencia_Optima'!$AB$28)*'06_Secuencia_Optima'!$H$28/480),6))-INT(ROUND(MIN('06_Secuencia_Optima'!$G$28,MAX(0,'07_Calendario'!$G$16-'06_Secuencia_Optima'!$L$28-'06_Secuencia_Optima'!$AB$28)*'06_Secuencia_Optima'!$H$28/480),6))) -> 0 | P9: =IF('07_Calendario'!$E$17=0,"",INT(ROUND(MIN('06_Secuencia_Optima'!$G$28,MAX(0,'07_Calendario'!$H$17-'06_Secuencia_Optima'!$L$28-'06_Secuencia_Optima'!$AB$28)*'06_Secuencia_Optima'!$H$28/480),6))-INT(ROUND(MIN('06_Secuencia_Optima'!$G$28,MAX(0,'07_Calendario'!$G$17-'06_Secuencia_Optima'!$L$28-'06_Secuencia_Optima'!$AB$28)*'06_Secuencia_Optima'!$H$28/480),6))) -> 0 | Q9: =IF('07_Calendario'!$E$18=0,"",INT(ROUND(MIN('06_Secuencia_Optima'!$G$28,MAX(0,'07_Calendario'!$H$18-'06_Secuencia_Optima'!$L$28-'06_Secuencia_Optima'!$AB$28)*'06_Secuencia_Optima'!$H$28/480),6))-INT(ROUND(MIN('06_Secuencia_Optima'!$G$28,MAX(0,'07_Calendario'!$G$18-'06_Secuencia_Optima'!$L$28-'06_Secuencia_Optima'!$AB$28)*'06_Secuencia_Optima'!$H$28/480),6))) -> 0 | R9: =IF('07_Calendario'!$E$19=0,"",INT(ROUND(MIN('06_Secuencia_Optima'!$G$28,MAX(0,'07_Calendario'!$H$19-'06_Secuencia_Optima'!$L$28-'06_Secuencia_Optima'!$AB$28)*'06_Secuencia_Optima'!$H$28/480),6))-INT(ROUND(MIN('06_Secuencia_Optima'!$G$28,MAX(0,'07_Calendario'!$G$19-'06_Secuencia_Optima'!$L$28-'06_Secuencia_Optima'!$AB$28)*'06_Secuencia_Optima'!$H$28/480),6))) | S9: =IF('07_Calendario'!$E$20=0,"",INT(ROUND(MIN('06_Secuencia_Optima'!$G$28,MAX(0,'07_Calendario'!$H$20-'06_Secuencia_Optima'!$L$28-'06_Secuencia_Optima'!$AB$28)*'06_Secuencia_Optima'!$H$28/480),6))-INT(ROUND(MIN('06_Secuencia_Optima'!$G$28,MAX(0,'07_Calendario'!$G$20-'06_Secuencia_Optima'!$L$28-'06_Secuencia_Optima'!$AB$28)*'06_Secuencia_Optima'!$H$28/480),6))) -> 0 | T9: =IF('07_Calendario'!$E$21=0,"",INT(ROUND(MIN('06_Secuencia_Optima'!$G$28,MAX(0,'07_Calendario'!$H$21-'06_Secuencia_Optima'!$L$28-'06_Secuencia_Optima'!$AB$28)*'06_Secuencia_Optima'!$H$28/480),6))-INT(ROUND(MIN('06_Secuencia_Optima'!$G$28,MAX(0,'07_Calendario'!$G$21-'06_Secuencia_Optima'!$L$28-'06_Secuencia_Optima'!$AB$28)*'06_Secuencia_Optima'!$H$28/480),6))) -> 0 | U9: =IF('07_Calendario'!$E$22=0,"",INT(ROUND(MIN('06_Secuencia_Optima'!$G$28,MAX(0,'07_Calendario'!$H$22-'06_Secuencia_Optima'!$L$28-'06_Secuencia_Optima'!$AB$28)*'06_Secuencia_Optima'!$H$28/480),6))-INT(ROUND(MIN('06_Secuencia_Optima'!$G$28,MAX(0,'07_Calendario'!$G$22-'06_Secuencia_Optima'!$L$28-'06_Secuencia_Optima'!$AB$28)*'06_Secuencia_Optima'!$H$28/480),6))) -> 0 | V9: =IF('07_Calendario'!$E$23=0,"",INT(ROUND(MIN('06_Secuencia_Optima'!$G$28,MAX(0,'07_Calendario'!$H$23-'06_Secuencia_Optima'!$L$28-'06_Secuencia_Optima'!$AB$28)*'06_Secuencia_Optima'!$H$28/480),6))-INT(ROUND(MIN('06_Secuencia_Optima'!$G$28,MAX(0,'07_Calendario'!$G$23-'06_Secuencia_Optima'!$L$28-'06_Secuencia_Optima'!$AB$28)*'06_Secuencia_Optima'!$H$28/480),6))) -> 0 | W9: =IF('07_Calendario'!$E$24=0,"",INT(ROUND(MIN('06_Secuencia_Optima'!$G$28,MAX(0,'07_Calendario'!$H$24-'06_Secuencia_Optima'!$L$28-'06_Secuencia_Optima'!$AB$28)*'06_Secuencia_Optima'!$H$28/480),6))-INT(ROUND(MIN('06_Secuencia_Optima'!$G$28,MAX(0,'07_Calendario'!$G$24-'06_Secuencia_Optima'!$L$28-'06_Secuencia_Optima'!$AB$28)*'06_Secuencia_Optima'!$H$28/480),6))) -> 0 | X9: =IF('07_Calendario'!$E$25=0,"",INT(ROUND(MIN('06_Secuencia_Optima'!$G$28,MAX(0,'07_Calendario'!$H$25-'06_Secuencia_Optima'!$L$28-'06_Secuencia_Optima'!$AB$28)*'06_Secuencia_Optima'!$H$28/480),6))-INT(ROUND(MIN('06_Secuencia_Optima'!$G$28,MAX(0,'07_Calendario'!$G$25-'06_Secuencia_Optima'!$L$28-'06_Secuencia_Optima'!$AB$28)*'06_Secuencia_Optima'!$H$28/480),6))) -> 0 | Y9: =IF('07_Calendario'!$E$26=0,"",INT(ROUND(MIN('06_Secuencia_Optima'!$G$28,MAX(0,'07_Calendario'!$H$26-'06_Secuencia_Optima'!$L$28-'06_Secuencia_Optima'!$AB$28)*'06_Secuencia_Optima'!$H$28/480),6))-INT(ROUND(MIN('06_Secuencia_Optima'!$G$28,MAX(0,'07_Calendario'!$G$26-'06_Secuencia_Optima'!$L$28-'06_Secuencia_Optima'!$AB$28)*'06_Secuencia_Optima'!$H$28/480),6))) -> 0 | Z9: =IF('07_Calendario'!$E$27=0,"",INT(ROUND(MIN('06_Secuencia_Optima'!$G$28,MAX(0,'07_Calendario'!$H$27-'06_Secuencia_Optima'!$L$28-'06_Secuencia_Optima'!$AB$28)*'06_Secuencia_Optima'!$H$28/480),6))-INT(ROUND(MIN('06_Secuencia_Optima'!$G$28,MAX(0,'07_Calendario'!$G$27-'06_Secuencia_Optima'!$L$28-'06_Secuencia_Optima'!$AB$28)*'06_Secuencia_Optima'!$H$28/480),6))) -> 0 | AA9: =IF('07_Calendario'!$E$28=0,"",INT(ROUND(MIN('06_Secuencia_Optima'!$G$28,MAX(0,'07_Calendario'!$H$28-'06_Secuencia_Optima'!$L$28-'06_Secuencia_Optima'!$AB$28)*'06_Secuencia_Optima'!$H$28/480),6))-INT(ROUND(MIN('06_Secuencia_Optima'!$G$28,MAX(0,'07_Calendario'!$G$28-'06_Secuencia_Optima'!$L$28-'06_Secuencia_Optima'!$AB$28)*'06_Secuencia_Optima'!$H$28/480),6))) -> 0 | AB9: =IF('07_Calendario'!$E$29=0,"",INT(ROUND(MIN('06_Secuencia_Optima'!$G$28,MAX(0,'07_Calendario'!$H$29-'06_Secuencia_Optima'!$L$28-'06_Secuencia_Optima'!$AB$28)*'06_Secuencia_Optima'!$H$28/480),6))-INT(ROUND(MIN('06_Secuencia_Optima'!$G$28,MAX(0,'07_Calendario'!$G$29-'06_Secuencia_Optima'!$L$28-'06_Secuencia_Optima'!$AB$28)*'06_Secuencia_Optima'!$H$28/480),6))) -> 0 | AC9: =IF('07_Calendario'!$E$30=0,"",INT(ROUND(MIN('06_Secuencia_Optima'!$G$28,MAX(0,'07_Calendario'!$H$30-'06_Secuencia_Optima'!$L$28-'06_Secuencia_Optima'!$AB$28)*'06_Secuencia_Optima'!$H$28/480),6))-INT(ROUND(MIN('06_Secuencia_Optima'!$G$28,MAX(0,'07_Calendario'!$G$30-'06_Secuencia_Optima'!$L$28-'06_Secuencia_Optima'!$AB$28)*'06_Secuencia_Optima'!$H$28/480),6))) -> 0 | AD9: =IF('07_Calendario'!$E$31=0,"",INT(ROUND(MIN('06_Secuencia_Optima'!$G$28,MAX(0,'07_Calendario'!$H$31-'06_Secuencia_Optima'!$L$28-'06_Secuencia_Optima'!$AB$28)*'06_Secuencia_Optima'!$H$28/480),6))-INT(ROUND(MIN('06_Secuencia_Optima'!$G$28,MAX(0,'07_Calendario'!$G$31-'06_Secuencia_Optima'!$L$28-'06_Secuencia_Optima'!$AB$28)*'06_Secuencia_Optima'!$H$28/480),6))) -> 0 | AE9: =IF('07_Calendario'!$E$32=0,"",INT(ROUND(MIN('06_Secuencia_Optima'!$G$28,MAX(0,'07_Calendario'!$H$32-'06_Secuencia_Optima'!$L$28-'06_Secuencia_Optima'!$AB$28)*'06_Secuencia_Optima'!$H$28/480),6))-INT(ROUND(MIN('06_Secuencia_Optima'!$G$28,MAX(0,'07_Calendario'!$G$32-'06_Secuencia_Optima'!$L$28-'06_Secuencia_Optima'!$AB$28)*'06_Secuencia_Optima'!$H$28/480),6))) -> 0 | AF9: =IF('07_Calendario'!$E$33=0,"",INT(ROUND(MIN('06_Secuencia_Optima'!$G$28,MAX(0,'07_Calendario'!$H$33-'06_Secuencia_Optima'!$L$28-'06_Secuencia_Optima'!$AB$28)*'06_Secuencia_Optima'!$H$28/480),6))-INT(ROUND(MIN('06_Secuencia_Optima'!$G$28,MAX(0,'07_Calendario'!$G$33-'06_Secuencia_Optima'!$L$28-'06_Secuencia_Optima'!$AB$28)*'06_Secuencia_Optima'!$H$28/480),6))) -> 0 | AG9: =IF('07_Calendario'!$E$34=0,"",INT(ROUND(MIN('06_Secuencia_Optima'!$G$28,MAX(0,'07_Calendario'!$H$34-'06_Secuencia_Optima'!$L$28-'06_Secuencia_Optima'!$AB$28)*'06_Secuencia_Optima'!$H$28/480),6))-INT(ROUND(MIN('06_Secuencia_Optima'!$G$28,MAX(0,'07_Calendario'!$G$34-'06_Secuencia_Optima'!$L$28-'06_Secuencia_Optima'!$AB$28)*'06_Secuencia_Optima'!$H$28/480),6))) -> 0 | AH9: =IF('07_Calendario'!$E$35=0,"",INT(ROUND(MIN('06_Secuencia_Optima'!$G$28,MAX(0,'07_Calendario'!$H$35-'06_Secuencia_Optima'!$L$28-'06_Secuencia_Optima'!$AB$28)*'06_Secuencia_Optima'!$H$28/480),6))-INT(ROUND(MIN('06_Secuencia_Optima'!$G$28,MAX(0,'07_Calendario'!$G$35-'06_Secuencia_Optima'!$L$28-'06_Secuencia_Optima'!$AB$28)*'06_Secuencia_Optima'!$H$28/480),6))) -> 0 | AI9: =IF('07_Calendario'!$E$36=0,"",INT(ROUND(MIN('06_Secuencia_Optima'!$G$28,MAX(0,'07_Calendario'!$H$36-'06_Secuencia_Optima'!$L$28-'06_Secuencia_Optima'!$AB$28)*'06_Secuencia_Optima'!$H$28/480),6))-INT(ROUND(MIN('06_Secuencia_Optima'!$G$28,MAX(0,'07_Calendario'!$G$36-'06_Secuencia_Optima'!$L$28-'06_Secuencia_Optima'!$AB$28)*'06_Secuencia_Optima'!$H$28/480),6))) -> 0 | AJ9: =IF('07_Calendario'!$E$37=0,"",INT(ROUND(MIN('06_Secuencia_Optima'!$G$28,MAX(0,'07_Calendario'!$H$37-'06_Secuencia_Optima'!$L$28-'06_Secuencia_Optima'!$AB$28)*'06_Secuencia_Optima'!$H$28/480),6))-INT(ROUND(MIN('06_Secuencia_Optima'!$G$28,MAX(0,'07_Calendario'!$G$37-'06_Secuencia_Optima'!$L$28-'06_Secuencia_Optima'!$AB$28)*'06_Secuencia_Optima'!$H$28/480),6))) | AK9: =IF('07_Calendario'!$E$38=0,"",INT(ROUND(MIN('06_Secuencia_Optima'!$G$28,MAX(0,'07_Calendario'!$H$38-'06_Secuencia_Optima'!$L$28-'06_Secuencia_Optima'!$AB$28)*'06_Secuencia_Optima'!$H$28/480),6))-INT(ROUND(MIN('06_Secuencia_Optima'!$G$28,MAX(0,'07_Calendario'!$G$38-'06_Secuencia_Optima'!$L$28-'06_Secuencia_Optima'!$AB$28)*'06_Secuencia_Optima'!$H$28/480),6))) -> 0 | AL9: =IF('07_Calendario'!$E$39=0,"",INT(ROUND(MIN('06_Secuencia_Optima'!$G$28,MAX(0,'07_Calendario'!$H$39-'06_Secuencia_Optima'!$L$28-'06_Secuencia_Optima'!$AB$28)*'06_Secuencia_Optima'!$H$28/480),6))-INT(ROUND(MIN('06_Secuencia_Optima'!$G$28,MAX(0,'07_Calendario'!$G$39-'06_Secuencia_Optima'!$L$28-'06_Secuencia_Optima'!$AB$28)*'06_Secuencia_Optima'!$H$28/480),6))) -> 0 | AM9: =IF('07_Calendario'!$E$40=0,"",INT(ROUND(MIN('06_Secuencia_Optima'!$G$28,MAX(0,'07_Calendario'!$H$40-'06_Secuencia_Optima'!$L$28-'06_Secuencia_Optima'!$AB$28)*'06_Secuencia_Optima'!$H$28/480),6))-INT(ROUND(MIN('06_Secuencia_Optima'!$G$28,MAX(0,'07_Calendario'!$G$40-'06_Secuencia_Optima'!$L$28-'06_Secuencia_Optima'!$AB$28)*'06_Secuencia_Optima'!$H$28/480),6))) -> 0 | AN9: =IF('07_Calendario'!$E$41=0,"",INT(ROUND(MIN('06_Secuencia_Optima'!$G$28,MAX(0,'07_Calendario'!$H$41-'06_Secuencia_Optima'!$L$28-'06_Secuencia_Optima'!$AB$28)*'06_Secuencia_Optima'!$H$28/480),6))-INT(ROUND(MIN('06_Secuencia_Optima'!$G$28,MAX(0,'07_Calendario'!$G$41-'06_Secuencia_Optima'!$L$28-'06_Secuencia_Optima'!$AB$28)*'06_Secuencia_Optima'!$H$28/480),6))) -> 0 | AO9: =IF('07_Calendario'!$E$42=0,"",INT(ROUND(MIN('06_Secuencia_Optima'!$G$28,MAX(0,'07_Calendario'!$H$42-'06_Secuencia_Optima'!$L$28-'06_Secuencia_Optima'!$AB$28)*'06_Secuencia_Optima'!$H$28/480),6))-INT(ROUND(MIN('06_Secuencia_Optima'!$G$28,MAX(0,'07_Calendario'!$G$42-'06_Secuencia_Optima'!$L$28-'06_Secuencia_Optima'!$AB$28)*'06_Secuencia_Optima'!$H$28/480),6))) -> 0 | AP9: =IF('07_Calendario'!$E$43=0,"",INT(ROUND(MIN('06_Secuencia_Optima'!$G$28,MAX(0,'07_Calendario'!$H$43-'06_Secuencia_Optima'!$L$28-'06_Secuencia_Optima'!$AB$28)*'06_Secuencia_Optima'!$H$28/480),6))-INT(ROUND(MIN('06_Secuencia_Optima'!$G$28,MAX(0,'07_Calendario'!$G$43-'06_Secuencia_Optima'!$L$28-'06_Secuencia_Optima'!$AB$28)*'06_Secuencia_Optima'!$H$28/480),6))) -> 0 | AQ9: =IF('07_Calendario'!$E$44=0,"",INT(ROUND(MIN('06_Secuencia_Optima'!$G$28,MAX(0,'07_Calendario'!$H$44-'06_Secuencia_Optima'!$L$28-'06_Secuencia_Optima'!$AB$28)*'06_Secuencia_Optima'!$H$28/480),6))-INT(ROUND(MIN('06_Secuencia_Optima'!$G$28,MAX(0,'07_Calendario'!$G$44-'06_Secuencia_Optima'!$L$28-'06_Secuencia_Optima'!$AB$28)*'06_Secuencia_Optima'!$H$28/480),6))) -> 0 | AR9: =IF('07_Calendario'!$E$45=0,"",INT(ROUND(MIN('06_Secuencia_Optima'!$G$28,MAX(0,'07_Calendario'!$H$45-'06_Secuencia_Optima'!$L$28-'06_Secuencia_Optima'!$AB$28)*'06_Secuencia_Optima'!$H$28/480),6))-INT(ROUND(MIN('06_Secuencia_Optima'!$G$28,MAX(0,'07_Calendario'!$G$45-'06_Secuencia_Optima'!$L$28-'06_Secuencia_Optima'!$AB$28)*'06_Secuencia_Optima'!$H$28/480),6))) -> 0 | AS9: =IF('07_Calendario'!$E$46=0,"",INT(ROUND(MIN('06_Secuencia_Optima'!$G$28,MAX(0,'07_Calendario'!$H$46-'06_Secuencia_Optima'!$L$28-'06_Secuencia_Optima'!$AB$28)*'06_Secuencia_Optima'!$H$28/480),6))-INT(ROUND(MIN('06_Secuencia_Optima'!$G$28,MAX(0,'07_Calendario'!$G$46-'06_Secuencia_Optima'!$L$28-'06_Secuencia_Optima'!$AB$28)*'06_Secuencia_Optima'!$H$28/480),6))) -> 0 | AT9: =IF('07_Calendario'!$E$47=0,"",INT(ROUND(MIN('06_Secuencia_Optima'!$G$28,MAX(0,'07_Calendario'!$H$47-'06_Secuencia_Optima'!$L$28-'06_Secuencia_Optima'!$AB$28)*'06_Secuencia_Optima'!$H$28/480),6))-INT(ROUND(MIN('06_Secuencia_Optima'!$G$28,MAX(0,'07_Calendario'!$G$47-'06_Secuencia_Optima'!$L$28-'06_Secuencia_Optima'!$AB$28)*'06_Secuencia_Optima'!$H$28/480),6))) -> 0 | AU9: =IF('07_Calendario'!$E$48=0,"",INT(ROUND(MIN('06_Secuencia_Optima'!$G$28,MAX(0,'07_Calendario'!$H$48-'06_Secuencia_Optima'!$L$28-'06_Secuencia_Optima'!$AB$28)*'06_Secuencia_Optima'!$H$28/480),6))-INT(ROUND(MIN('06_Secuencia_Optima'!$G$28,MAX(0,'07_Calendario'!$G$48-'06_Secuencia_Optima'!$L$28-'06_Secuencia_Optima'!$AB$28)*'06_Secuencia_Optima'!$H$28/480),6))) -> 0 | AV9: =IF('07_Calendario'!$E$49=0,"",INT(ROUND(MIN('06_Secuencia_Optima'!$G$28,MAX(0,'07_Calendario'!$H$49-'06_Secuencia_Optima'!$L$28-'06_Secuencia_Optima'!$AB$28)*'06_Secuencia_Optima'!$H$28/480),6))-INT(ROUND(MIN('06_Secuencia_Optima'!$G$28,MAX(0,'07_Calendario'!$G$49-'06_Secuencia_Optima'!$L$28-'06_Secuencia_Optima'!$AB$28)*'06_Secuencia_Optima'!$H$28/480),6))) -> 0 | AW9: =IF('07_Calendario'!$E$50=0,"",INT(ROUND(MIN('06_Secuencia_Optima'!$G$28,MAX(0,'07_Calendario'!$H$50-'06_Secuencia_Optima'!$L$28-'06_Secuencia_Optima'!$AB$28)*'06_Secuencia_Optima'!$H$28/480),6))-INT(ROUND(MIN('06_Secuencia_Optima'!$G$28,MAX(0,'07_Calendario'!$G$50-'06_Secuencia_Optima'!$L$28-'06_Secuencia_Optima'!$AB$28)*'06_Secuencia_Optima'!$H$28/480),6))) -> 0 | AX9: =IF('07_Calendario'!$E$51=0,"",INT(ROUND(MIN('06_Secuencia_Optima'!$G$28,MAX(0,'07_Calendario'!$H$51-'06_Secuencia_Optima'!$L$28-'06_Secuencia_Optima'!$AB$28)*'06_Secuencia_Optima'!$H$28/480),6))-INT(ROUND(MIN('06_Secuencia_Optima'!$G$28,MAX(0,'07_Calendario'!$G$51-'06_Secuencia_Optima'!$L$28-'06_Secuencia_Optima'!$AB$28)*'06_Secuencia_Optima'!$H$28/480),6))) -> 0 | AY9: =IF('07_Calendario'!$E$52=0,"",INT(ROUND(MIN('06_Secuencia_Optima'!$G$28,MAX(0,'07_Calendario'!$H$52-'06_Secuencia_Optima'!$L$28-'06_Secuencia_Optima'!$AB$28)*'06_Secuencia_Optima'!$H$28/480),6))-INT(ROUND(MIN('06_Secuencia_Optima'!$G$28,MAX(0,'07_Calendario'!$G$52-'06_Secuencia_Optima'!$L$28-'06_Secuencia_Optima'!$AB$28)*'06_Secuencia_Optima'!$H$28/480),6))) -> 0 | AZ9: =IF('07_Calendario'!$E$53=0,"",INT(ROUND(MIN('06_Secuencia_Optima'!$G$28,MAX(0,'07_Calendario'!$H$53-'06_Secuencia_Optima'!$L$28-'06_Secuencia_Optima'!$AB$28)*'06_Secuencia_Optima'!$H$28/480),6))-INT(ROUND(MIN('06_Secuencia_Optima'!$G$28,MAX(0,'07_Calendario'!$G$53-'06_Secuencia_Optima'!$L$28-'06_Secuencia_Optima'!$AB$28)*'06_Secuencia_Optima'!$H$28/480),6))) -> 0 | BA9: =IF('07_Calendario'!$E$54=0,"",INT(ROUND(MIN('06_Secuencia_Optima'!$G$28,MAX(0,'07_Calendario'!$H$54-'06_Secuencia_Optima'!$L$28-'06_Secuencia_Optima'!$AB$28)*'06_Secuencia_Optima'!$H$28/480),6))-INT(ROUND(MIN('06_Secuencia_Optima'!$G$28,MAX(0,'07_Calendario'!$G$54-'06_Secuencia_Optima'!$L$28-'06_Secuencia_Optima'!$AB$28)*'06_Secuencia_Optima'!$H$28/480),6))) -> 0 | BB9: =IF('07_Calendario'!$E$55=0,"",INT(ROUND(MIN('06_Secuencia_Optima'!$G$28,MAX(0,'07_Calendario'!$H$55-'06_Secuencia_Optima'!$L$28-'06_Secuencia_Optima'!$AB$28)*'06_Secuencia_Optima'!$H$28/480),6))-INT(ROUND(MIN('06_Secuencia_Optima'!$G$28,MAX(0,'07_Calendario'!$G$55-'06_Secuencia_Optima'!$L$28-'06_Secuencia_Optima'!$AB$28)*'06_Secuencia_Optima'!$H$28/480),6))) | BC9: =IF('07_Calendario'!$E$56=0,"",INT(ROUND(MIN('06_Secuencia_Optima'!$G$28,MAX(0,'07_Calendario'!$H$56-'06_Secuencia_Optima'!$L$28-'06_Secuencia_Optima'!$AB$28)*'06_Secuencia_Optima'!$H$28/480),6))-INT(ROUND(MIN('06_Secuencia_Optima'!$G$28,MAX(0,'07_Calendario'!$G$56-'06_Secuencia_Optima'!$L$28-'06_Secuencia_Optima'!$AB$28)*'06_Secuencia_Optima'!$H$28/480),6))) -> 0 | BD9: =IF('07_Calendario'!$E$57=0,"",INT(ROUND(MIN('06_Secuencia_Optima'!$G$28,MAX(0,'07_Calendario'!$H$57-'06_Secuencia_Optima'!$L$28-'06_Secuencia_Optima'!$AB$28)*'06_Secuencia_Optima'!$H$28/480),6))-INT(ROUND(MIN('06_Secuencia_Optima'!$G$28,MAX(0,'07_Calendario'!$G$57-'06_Secuencia_Optima'!$L$28-'06_Secuencia_Optima'!$AB$28)*'06_Secuencia_Optima'!$H$28/480),6))) -> 0 | BE9: =IF('07_Calendario'!$E$58=0,"",INT(ROUND(MIN('06_Secuencia_Optima'!$G$28,MAX(0,'07_Calendario'!$H$58-'06_Secuencia_Optima'!$L$28-'06_Secuencia_Optima'!$AB$28)*'06_Secuencia_Optima'!$H$28/480),6))-INT(ROUND(MIN('06_Secuencia_Optima'!$G$28,MAX(0,'07_Calendario'!$G$58-'06_Secuencia_Optima'!$L$28-'06_Secuencia_Optima'!$AB$28)*'06_Secuencia_Optima'!$H$28/480),6))) -> 0 | BF9: =IF('07_Calendario'!$E$59=0,"",INT(ROUND(MIN('06_Secuencia_Optima'!$G$28,MAX(0,'07_Calendario'!$H$59-'06_Secuencia_Optima'!$L$28-'06_Secuencia_Optima'!$AB$28)*'06_Secuencia_Optima'!$H$28/480),6))-INT(ROUND(MIN('06_Secuencia_Optima'!$G$28,MAX(0,'07_Calendario'!$G$59-'06_Secuencia_Optima'!$L$28-'06_Secuencia_Optima'!$AB$28)*'06_Secuencia_Optima'!$H$28/480),6))) -> 0 | BG9: =IF('07_Calendario'!$E$60=0,"",INT(ROUND(MIN('06_Secuencia_Optima'!$G$28,MAX(0,'07_Calendario'!$H$60-'06_Secuencia_Optima'!$L$28-'06_Secuencia_Optima'!$AB$28)*'06_Secuencia_Optima'!$H$28/480),6))-INT(ROUND(MIN('06_Secuencia_Optima'!$G$28,MAX(0,'07_Calendario'!$G$60-'06_Secuencia_Optima'!$L$28-'06_Secuencia_Optima'!$AB$28)*'06_Secuencia_Optima'!$H$28/480),6))) -> 0 | BH9: =IF('07_Calendario'!$E$61=0,"",INT(ROUND(MIN('06_Secuencia_Optima'!$G$28,MAX(0,'07_Calendario'!$H$61-'06_Secuencia_Optima'!$L$28-'06_Secuencia_Optima'!$AB$28)*'06_Secuencia_Optima'!$H$28/480),6))-INT(ROUND(MIN('06_Secuencia_Optima'!$G$28,MAX(0,'07_Calendario'!$G$61-'06_Secuencia_Optima'!$L$28-'06_Secuencia_Optima'!$AB$28)*'06_Secuencia_Optima'!$H$28/480),6))) -> 0 | BI9: =IF('07_Calendario'!$E$62=0,"",INT(ROUND(MIN('06_Secuencia_Optima'!$G$28,MAX(0,'07_Calendario'!$H$62-'06_Secuencia_Optima'!$L$28-'06_Secuencia_Optima'!$AB$28)*'06_Secuencia_Optima'!$H$28/480),6))-INT(ROUND(MIN('06_Secuencia_Optima'!$G$28,MAX(0,'07_Calendario'!$G$62-'06_Secuencia_Optima'!$L$28-'06_Secuencia_Optima'!$AB$28)*'06_Secuencia_Optima'!$H$28/480),6))) -> 0 | BJ9: =IF('07_Calendario'!$E$63=0,"",INT(ROUND(MIN('06_Secuencia_Optima'!$G$28,MAX(0,'07_Calendario'!$H$63-'06_Secuencia_Optima'!$L$28-'06_Secuencia_Optima'!$AB$28)*'06_Secuencia_Optima'!$H$28/480),6))-INT(ROUND(MIN('06_Secuencia_Optima'!$G$28,MAX(0,'07_Calendario'!$G$63-'06_Secuencia_Optima'!$L$28-'06_Secuencia_Optima'!$AB$28)*'06_Secuencia_Optima'!$H$28/480),6))) -> 0 | BK9: =IF('07_Calendario'!$E$64=0,"",INT(ROUND(MIN('06_Secuencia_Optima'!$G$28,MAX(0,'07_Calendario'!$H$64-'06_Secuencia_Optima'!$L$28-'06_Secuencia_Optima'!$AB$28)*'06_Secuencia_Optima'!$H$28/480),6))-INT(ROUND(MIN('06_Secuencia_Optima'!$G$28,MAX(0,'07_Calendario'!$G$64-'06_Secuencia_Optima'!$L$28-'06_Secuencia_Optima'!$AB$28)*'06_Secuencia_Optima'!$H$28/480),6))) -> 0 | BL9: =IF('07_Calendario'!$E$65=0,"",INT(ROUND(MIN('06_Secuencia_Optima'!$G$28,MAX(0,'07_Calendario'!$H$65-'06_Secuencia_Optima'!$L$28-'06_Secuencia_Optima'!$AB$28)*'06_Secuencia_Optima'!$H$28/480),6))-INT(ROUND(MIN('06_Secuencia_Optima'!$G$28,MAX(0,'07_Calendario'!$G$65-'06_Secuencia_Optima'!$L$28-'06_Secuencia_Optima'!$AB$28)*'06_Secuencia_Optima'!$H$28/480),6))) -> 0 | BM9: =IF('07_Calendario'!$E$66=0,"",INT(ROUND(MIN('06_Secuencia_Optima'!$G$28,MAX(0,'07_Calendario'!$H$66-'06_Secuencia_Optima'!$L$28-'06_Secuencia_Optima'!$AB$28)*'06_Secuencia_Optima'!$H$28/480),6))-INT(ROUND(MIN('06_Secuencia_Optima'!$G$28,MAX(0,'07_Calendario'!$G$66-'06_Secuencia_Optima'!$L$28-'06_Secuencia_Optima'!$AB$28)*'06_Secuencia_Optima'!$H$28/480),6))) -> 0 | BN9: =IF('07_Calendario'!$E$67=0,"",INT(ROUND(MIN('06_Secuencia_Optima'!$G$28,MAX(0,'07_Calendario'!$H$67-'06_Secuencia_Optima'!$L$28-'06_Secuencia_Optima'!$AB$28)*'06_Secuencia_Optima'!$H$28/480),6))-INT(ROUND(MIN('06_Secuencia_Optima'!$G$28,MAX(0,'07_Calendario'!$G$67-'06_Secuencia_Optima'!$L$28-'06_Secuencia_Optima'!$AB$28)*'06_Secuencia_Optima'!$H$28/480),6))) -> 0 | BO9: =IF('07_Calendario'!$E$68=0,"",INT(ROUND(MIN('06_Secuencia_Optima'!$G$28,MAX(0,'07_Calendario'!$H$68-'06_Secuencia_Optima'!$L$28-'06_Secuencia_Optima'!$AB$28)*'06_Secuencia_Optima'!$H$28/480),6))-INT(ROUND(MIN('06_Secuencia_Optima'!$G$28,MAX(0,'07_Calendario'!$G$68-'06_Secuencia_Optima'!$L$28-'06_Secuencia_Optima'!$AB$28)*'06_Secuencia_Optima'!$H$28/480),6))) -> 0 | BP9: =IF('07_Calendario'!$E$69=0,"",INT(ROUND(MIN('06_Secuencia_Optima'!$G$28,MAX(0,'07_Calendario'!$H$69-'06_Secuencia_Optima'!$L$28-'06_Secuencia_Optima'!$AB$28)*'06_Secuencia_Optima'!$H$28/480),6))-INT(ROUND(MIN('06_Secuencia_Optima'!$G$28,MAX(0,'07_Calendario'!$G$69-'06_Secuencia_Optima'!$L$28-'06_Secuencia_Optima'!$AB$28)*'06_Secuencia_Optima'!$H$28/480),6))) -> 0 | BQ9: =IF('07_Calendario'!$E$70=0,"",INT(ROUND(MIN('06_Secuencia_Optima'!$G$28,MAX(0,'07_Calendario'!$H$70-'06_Secuencia_Optima'!$L$28-'06_Secuencia_Optima'!$AB$28)*'06_Secuencia_Optima'!$H$28/480),6))-INT(ROUND(MIN('06_Secuencia_Optima'!$G$28,MAX(0,'07_Calendario'!$G$70-'06_Secuencia_Optima'!$L$28-'06_Secuencia_Optima'!$AB$28)*'06_Secuencia_Optima'!$H$28/480),6))) -> 0 | BR9: =IF('07_Calendario'!$E$71=0,"",INT(ROUND(MIN('06_Secuencia_Optima'!$G$28,MAX(0,'07_Calendario'!$H$71-'06_Secuencia_Optima'!$L$28-'06_Secuencia_Optima'!$AB$28)*'06_Secuencia_Optima'!$H$28/480),6))-INT(ROUND(MIN('06_Secuencia_Optima'!$G$28,MAX(0,'07_Calendario'!$G$71-'06_Secuencia_Optima'!$L$28-'06_Secuencia_Optima'!$AB$28)*'06_Secuencia_Optima'!$H$28/480),6))) -> 0 | BS9: =IF('07_Calendario'!$E$72=0,"",INT(ROUND(MIN('06_Secuencia_Optima'!$G$28,MAX(0,'07_Calendario'!$H$72-'06_Secuencia_Optima'!$L$28-'06_Secuencia_Optima'!$AB$28)*'06_Secuencia_Optima'!$H$28/480),6))-INT(ROUND(MIN('06_Secuencia_Optima'!$G$28,MAX(0,'07_Calendario'!$G$72-'06_Secuencia_Optima'!$L$28-'06_Secuencia_Optima'!$AB$28)*'06_Secuencia_Optima'!$H$28/480),6))) -> 0 | BT9: =IF('07_Calendario'!$E$73=0,"",INT(ROUND(MIN('06_Secuencia_Optima'!$G$28,MAX(0,'07_Calendario'!$H$73-'06_Secuencia_Optima'!$L$28-'06_Secuencia_Optima'!$AB$28)*'06_Secuencia_Optima'!$H$28/480),6))-INT(ROUND(MIN('06_Secuencia_Optima'!$G$28,MAX(0,'07_Calendario'!$G$73-'06_Secuencia_Optima'!$L$28-'06_Secuencia_Optima'!$AB$28)*'06_Secuencia_Optima'!$H$28/480),6))) | BU9: =IF('07_Calendario'!$E$74=0,"",INT(ROUND(MIN('06_Secuencia_Optima'!$G$28,MAX(0,'07_Calendario'!$H$74-'06_Secuencia_Optima'!$L$28-'06_Secuencia_Optima'!$AB$28)*'06_Secuencia_Optima'!$H$28/480),6))-INT(ROUND(MIN('06_Secuencia_Optima'!$G$28,MAX(0,'07_Calendario'!$G$74-'06_Secuencia_Optima'!$L$28-'06_Secuencia_Optima'!$AB$28)*'06_Secuencia_Optima'!$H$28/480),6))) -> 0 | BV9: =IF('07_Calendario'!$E$75=0,"",INT(ROUND(MIN('06_Secuencia_Optima'!$G$28,MAX(0,'07_Calendario'!$H$75-'06_Secuencia_Optima'!$L$28-'06_Secuencia_Optima'!$AB$28)*'06_Secuencia_Optima'!$H$28/480),6))-INT(ROUND(MIN('06_Secuencia_Optima'!$G$28,MAX(0,'07_Calendario'!$G$75-'06_Secuencia_Optima'!$L$28-'06_Secuencia_Optima'!$AB$28)*'06_Secuencia_Optima'!$H$28/480),6))) -> 0 | BW9: =IF('07_Calendario'!$E$76=0,"",INT(ROUND(MIN('06_Secuencia_Optima'!$G$28,MAX(0,'07_Calendario'!$H$76-'06_Secuencia_Optima'!$L$28-'06_Secuencia_Optima'!$AB$28)*'06_Secuencia_Optima'!$H$28/480),6))-INT(ROUND(MIN('06_Secuencia_Optima'!$G$28,MAX(0,'07_Calendario'!$G$76-'06_Secuencia_Optima'!$L$28-'06_Secuencia_Optima'!$AB$28)*'06_Secuencia_Optima'!$H$28/480),6))) -> 0 | BX9: =IF('07_Calendario'!$E$77=0,"",INT(ROUND(MIN('06_Secuencia_Optima'!$G$28,MAX(0,'07_Calendario'!$H$77-'06_Secuencia_Optima'!$L$28-'06_Secuencia_Optima'!$AB$28)*'06_Secuencia_Optima'!$H$28/480),6))-INT(ROUND(MIN('06_Secuencia_Optima'!$G$28,MAX(0,'07_Calendario'!$G$77-'06_Secuencia_Optima'!$L$28-'06_Secuencia_Optima'!$AB$28)*'06_Secuencia_Optima'!$H$28/480),6))) -> 0 | BY9: =IF('07_Calendario'!$E$78=0,"",INT(ROUND(MIN('06_Secuencia_Optima'!$G$28,MAX(0,'07_Calendario'!$H$78-'06_Secuencia_Optima'!$L$28-'06_Secuencia_Optima'!$AB$28)*'06_Secuencia_Optima'!$H$28/480),6))-INT(ROUND(MIN('06_Secuencia_Optima'!$G$28,MAX(0,'07_Calendario'!$G$78-'06_Secuencia_Optima'!$L$28-'06_Secuencia_Optima'!$AB$28)*'06_Secuencia_Optima'!$H$28/480),6))) -> 0 | BZ9: =IF('07_Calendario'!$E$79=0,"",INT(ROUND(MIN('06_Secuencia_Optima'!$G$28,MAX(0,'07_Calendario'!$H$79-'06_Secuencia_Optima'!$L$28-'06_Secuencia_Optima'!$AB$28)*'06_Secuencia_Optima'!$H$28/480),6))-INT(ROUND(MIN('06_Secuencia_Optima'!$G$28,MAX(0,'07_Calendario'!$G$79-'06_Secuencia_Optima'!$L$28-'06_Secuencia_Optima'!$AB$28)*'06_Secuencia_Optima'!$H$28/480),6))) -> 0 | CA9: =IF('07_Calendario'!$E$80=0,"",INT(ROUND(MIN('06_Secuencia_Optima'!$G$28,MAX(0,'07_Calendario'!$H$80-'06_Secuencia_Optima'!$L$28-'06_Secuencia_Optima'!$AB$28)*'06_Secuencia_Optima'!$H$28/480),6))-INT(ROUND(MIN('06_Secuencia_Optima'!$G$28,MAX(0,'07_Calendario'!$G$80-'06_Secuencia_Optima'!$L$28-'06_Secuencia_Optima'!$AB$28)*'06_Secuencia_Optima'!$H$28/480),6))) -> 0 | CB9: =IF('07_Calendario'!$E$81=0,"",INT(ROUND(MIN('06_Secuencia_Optima'!$G$28,MAX(0,'07_Calendario'!$H$81-'06_Secuencia_Optima'!$L$28-'06_Secuencia_Optima'!$AB$28)*'06_Secuencia_Optima'!$H$28/480),6))-INT(ROUND(MIN('06_Secuencia_Optima'!$G$28,MAX(0,'07_Calendario'!$G$81-'06_Secuencia_Optima'!$L$28-'06_Secuencia_Optima'!$AB$28)*'06_Secuencia_Optima'!$H$28/480),6))) -> 0 | CC9: =IF('07_Calendario'!$E$82=0,"",INT(ROUND(MIN('06_Secuencia_Optima'!$G$28,MAX(0,'07_Calendario'!$H$82-'06_Secuencia_Optima'!$L$28-'06_Secuencia_Optima'!$AB$28)*'06_Secuencia_Optima'!$H$28/480),6))-INT(ROUND(MIN('06_Secuencia_Optima'!$G$28,MAX(0,'07_Calendario'!$G$82-'06_Secuencia_Optima'!$L$28-'06_Secuencia_Optima'!$AB$28)*'06_Secuencia_Optima'!$H$28/480),6))) -> 0 | CD9: =SUM($D9:$CC9) -> 1840 | CE9: ='06_Secuencia_Optima'!$G$28 -> 1840 | CF9: =IF(CD9=CE9,"OK","DIF") -> OK
